"Nickel, Manganese & Niobium 3"
"Current date: 04/10/2026 1:48 PM (Eastern Daylight Time)"
"Commodity","Country","Time","Customs Value (Gen) ($US)",
"2602 Manganese Ores A Concntrts Inc Ferr Mangn Iron Ore","South America","2010","2,521,954"
"2602 Manganese Ores A Concntrts Inc Ferr Mangn Iron Ore","South America","February 2010","1,228,279"
"2602 Manganese Ores A Concntrts Inc Ferr Mangn Iron Ore","South America","August 2010","1,293,675"
"2602 Manganese Ores A Concntrts Inc Ferr Mangn Iron Ore","South America","2011","3,526,125"
"2602 Manganese Ores A Concntrts Inc Ferr Mangn Iron Ore","South America","January 2011","1,142,773"
"2602 Manganese Ores A Concntrts Inc Ferr Mangn Iron Ore","South America","May 2011","86,840"
"2602 Manganese Ores A Concntrts Inc Ferr Mangn Iron Ore","South America","June 2011","964,901"
"2602 Manganese Ores A Concntrts Inc Ferr Mangn Iron Ore","South America","August 2011","2,539"
"2602 Manganese Ores A Concntrts Inc Ferr Mangn Iron Ore","South America","October 2011","18,547"
"2602 Manganese Ores A Concntrts Inc Ferr Mangn Iron Ore","South America","November 2011","37,645"
"2602 Manganese Ores A Concntrts Inc Ferr Mangn Iron Ore","South America","December 2011","1,272,880"
"2602 Manganese Ores A Concntrts Inc Ferr Mangn Iron Ore","South America","2012","3,123,901"
"2602 Manganese Ores A Concntrts Inc Ferr Mangn Iron Ore","South America","February 2012","687,216"
"2602 Manganese Ores A Concntrts Inc Ferr Mangn Iron Ore","South America","April 2012","842,475"
"2602 Manganese Ores A Concntrts Inc Ferr Mangn Iron Ore","South America","June 2012","125,069"
"2602 Manganese Ores A Concntrts Inc Ferr Mangn Iron Ore","South America","August 2012","40,500"
"2602 Manganese Ores A Concntrts Inc Ferr Mangn Iron Ore","South America","September 2012","17,840"
"2602 Manganese Ores A Concntrts Inc Ferr Mangn Iron Ore","South America","November 2012","1,410,801"
"2602 Manganese Ores A Concntrts Inc Ferr Mangn Iron Ore","South America","2013","3,382,263"
"2602 Manganese Ores A Concntrts Inc Ferr Mangn Iron Ore","South America","January 2013","42,358"
"2602 Manganese Ores A Concntrts Inc Ferr Mangn Iron Ore","South America","March 2013","1,378,583"
"2602 Manganese Ores A Concntrts Inc Ferr Mangn Iron Ore","South America","April 2013","140,450"
"2602 Manganese Ores A Concntrts Inc Ferr Mangn Iron Ore","South America","May 2013","19,790"
"2602 Manganese Ores A Concntrts Inc Ferr Mangn Iron Ore","South America","June 2013","21,730"
"2602 Manganese Ores A Concntrts Inc Ferr Mangn Iron Ore","South America","August 2013","1,648,316"
"2602 Manganese Ores A Concntrts Inc Ferr Mangn Iron Ore","South America","September 2013","23,473"
"2602 Manganese Ores A Concntrts Inc Ferr Mangn Iron Ore","South America","November 2013","83,878"
"2602 Manganese Ores A Concntrts Inc Ferr Mangn Iron Ore","South America","December 2013","23,685"
"2602 Manganese Ores A Concntrts Inc Ferr Mangn Iron Ore","South America","2014","1,386,578"
"2602 Manganese Ores A Concntrts Inc Ferr Mangn Iron Ore","South America","January 2014","1,242,502"
"2602 Manganese Ores A Concntrts Inc Ferr Mangn Iron Ore","South America","May 2014","34,600"
"2602 Manganese Ores A Concntrts Inc Ferr Mangn Iron Ore","South America","June 2014","22,604"
"2602 Manganese Ores A Concntrts Inc Ferr Mangn Iron Ore","South America","July 2014","18,980"
"2602 Manganese Ores A Concntrts Inc Ferr Mangn Iron Ore","South America","August 2014","22,517"
"2602 Manganese Ores A Concntrts Inc Ferr Mangn Iron Ore","South America","October 2014","23,139"
"2602 Manganese Ores A Concntrts Inc Ferr Mangn Iron Ore","South America","December 2014","22,236"
"2602 Manganese Ores A Concntrts Inc Ferr Mangn Iron Ore","South America","2015","2,350,796"
"2602 Manganese Ores A Concntrts Inc Ferr Mangn Iron Ore","South America","January 2015","22,853"
"2602 Manganese Ores A Concntrts Inc Ferr Mangn Iron Ore","South America","March 2015","1,069,431"
"2602 Manganese Ores A Concntrts Inc Ferr Mangn Iron Ore","South America","April 2015","22,961"
"2602 Manganese Ores A Concntrts Inc Ferr Mangn Iron Ore","South America","May 2015","21,381"
"2602 Manganese Ores A Concntrts Inc Ferr Mangn Iron Ore","South America","June 2015","24,589"
"2602 Manganese Ores A Concntrts Inc Ferr Mangn Iron Ore","South America","September 2015","23,453"
"2602 Manganese Ores A Concntrts Inc Ferr Mangn Iron Ore","South America","October 2015","25,202"
"2602 Manganese Ores A Concntrts Inc Ferr Mangn Iron Ore","South America","November 2015","1,120,931"
"2602 Manganese Ores A Concntrts Inc Ferr Mangn Iron Ore","South America","December 2015","19,995"
"2602 Manganese Ores A Concntrts Inc Ferr Mangn Iron Ore","South America","2016","275,952"
"2602 Manganese Ores A Concntrts Inc Ferr Mangn Iron Ore","South America","January 2016","25,205"
"2602 Manganese Ores A Concntrts Inc Ferr Mangn Iron Ore","South America","March 2016","22,094"
"2602 Manganese Ores A Concntrts Inc Ferr Mangn Iron Ore","South America","April 2016","23,213"
"2602 Manganese Ores A Concntrts Inc Ferr Mangn Iron Ore","South America","June 2016","21,724"
"2602 Manganese Ores A Concntrts Inc Ferr Mangn Iron Ore","South America","July 2016","59,400"
"2602 Manganese Ores A Concntrts Inc Ferr Mangn Iron Ore","South America","August 2016","23,644"
"2602 Manganese Ores A Concntrts Inc Ferr Mangn Iron Ore","South America","September 2016","23,898"
"2602 Manganese Ores A Concntrts Inc Ferr Mangn Iron Ore","South America","November 2016","76,774"
"2602 Manganese Ores A Concntrts Inc Ferr Mangn Iron Ore","South America","2017","411,706"
"2602 Manganese Ores A Concntrts Inc Ferr Mangn Iron Ore","South America","January 2017","20,200"
"2602 Manganese Ores A Concntrts Inc Ferr Mangn Iron Ore","South America","February 2017","75,546"
"2602 Manganese Ores A Concntrts Inc Ferr Mangn Iron Ore","South America","April 2017","36,247"
"2602 Manganese Ores A Concntrts Inc Ferr Mangn Iron Ore","South America","May 2017","36,697"
"2602 Manganese Ores A Concntrts Inc Ferr Mangn Iron Ore","South America","June 2017","132,048"
"2602 Manganese Ores A Concntrts Inc Ferr Mangn Iron Ore","South America","July 2017","37,152"
"2602 Manganese Ores A Concntrts Inc Ferr Mangn Iron Ore","South America","September 2017","36,652"
"2602 Manganese Ores A Concntrts Inc Ferr Mangn Iron Ore","South America","November 2017","37,164"
"2602 Manganese Ores A Concntrts Inc Ferr Mangn Iron Ore","South America","2018","2,543,726"
"2602 Manganese Ores A Concntrts Inc Ferr Mangn Iron Ore","South America","January 2018","47,992"
"2602 Manganese Ores A Concntrts Inc Ferr Mangn Iron Ore","South America","March 2018","33,923"
"2602 Manganese Ores A Concntrts Inc Ferr Mangn Iron Ore","South America","May 2018","159,613"
"2602 Manganese Ores A Concntrts Inc Ferr Mangn Iron Ore","South America","June 2018","68,482"
"2602 Manganese Ores A Concntrts Inc Ferr Mangn Iron Ore","South America","July 2018","57,287"
"2602 Manganese Ores A Concntrts Inc Ferr Mangn Iron Ore","South America","August 2018","57,093"
"2602 Manganese Ores A Concntrts Inc Ferr Mangn Iron Ore","South America","September 2018","34,268"
"2602 Manganese Ores A Concntrts Inc Ferr Mangn Iron Ore","South America","October 2018","443,641"
"2602 Manganese Ores A Concntrts Inc Ferr Mangn Iron Ore","South America","November 2018","1,641,427"
"2602 Manganese Ores A Concntrts Inc Ferr Mangn Iron Ore","South America","2019","4,637,411"
"2602 Manganese Ores A Concntrts Inc Ferr Mangn Iron Ore","South America","January 2019","17,842"
"2602 Manganese Ores A Concntrts Inc Ferr Mangn Iron Ore","South America","February 2019","17,722"
"2602 Manganese Ores A Concntrts Inc Ferr Mangn Iron Ore","South America","March 2019","70,234"
"2602 Manganese Ores A Concntrts Inc Ferr Mangn Iron Ore","South America","April 2019","70,734"
"2602 Manganese Ores A Concntrts Inc Ferr Mangn Iron Ore","South America","June 2019","95,391"
"2602 Manganese Ores A Concntrts Inc Ferr Mangn Iron Ore","South America","July 2019","111,135"
"2602 Manganese Ores A Concntrts Inc Ferr Mangn Iron Ore","South America","August 2019","1,942,024"
"2602 Manganese Ores A Concntrts Inc Ferr Mangn Iron Ore","South America","September 2019","78,755"
"2602 Manganese Ores A Concntrts Inc Ferr Mangn Iron Ore","South America","October 2019","2,233,574"
"2602 Manganese Ores A Concntrts Inc Ferr Mangn Iron Ore","South America","2020","327,632"
"2602 Manganese Ores A Concntrts Inc Ferr Mangn Iron Ore","South America","March 2020","127,448"
"2602 Manganese Ores A Concntrts Inc Ferr Mangn Iron Ore","South America","April 2020","84,600"
"2602 Manganese Ores A Concntrts Inc Ferr Mangn Iron Ore","South America","May 2020","63,951"
"2602 Manganese Ores A Concntrts Inc Ferr Mangn Iron Ore","South America","June 2020","35,804"
"2602 Manganese Ores A Concntrts Inc Ferr Mangn Iron Ore","South America","November 2020","15,829"
"2602 Manganese Ores A Concntrts Inc Ferr Mangn Iron Ore","South America","2021","135,000"
"2602 Manganese Ores A Concntrts Inc Ferr Mangn Iron Ore","South America","June 2021","53,025"
"2602 Manganese Ores A Concntrts Inc Ferr Mangn Iron Ore","South America","August 2021","81,975"
"2602 Manganese Ores A Concntrts Inc Ferr Mangn Iron Ore","South America","2022","136,549"
"2602 Manganese Ores A Concntrts Inc Ferr Mangn Iron Ore","South America","May 2022","14,225"
"2602 Manganese Ores A Concntrts Inc Ferr Mangn Iron Ore","South America","July 2022","14,225"
"2602 Manganese Ores A Concntrts Inc Ferr Mangn Iron Ore","South America","August 2022","61,389"
"2602 Manganese Ores A Concntrts Inc Ferr Mangn Iron Ore","South America","November 2022","46,710"
"2602 Manganese Ores A Concntrts Inc Ferr Mangn Iron Ore","South America","2023","242,855"
"2602 Manganese Ores A Concntrts Inc Ferr Mangn Iron Ore","South America","January 2023","93,420"
"2602 Manganese Ores A Concntrts Inc Ferr Mangn Iron Ore","South America","February 2023","93,420"
"2602 Manganese Ores A Concntrts Inc Ferr Mangn Iron Ore","South America","May 2023","16,460"
"2602 Manganese Ores A Concntrts Inc Ferr Mangn Iron Ore","South America","September 2023","39,555"
"2602 Manganese Ores A Concntrts Inc Ferr Mangn Iron Ore","South America","2024","47,408"
"2602 Manganese Ores A Concntrts Inc Ferr Mangn Iron Ore","South America","March 2024","40,500"
"2602 Manganese Ores A Concntrts Inc Ferr Mangn Iron Ore","South America","April 2024","4,640"
"2602 Manganese Ores A Concntrts Inc Ferr Mangn Iron Ore","South America","November 2024","2,268"
"2602 Manganese Ores A Concntrts Inc Ferr Mangn Iron Ore","South America","2025","544,350"
"2602 Manganese Ores A Concntrts Inc Ferr Mangn Iron Ore","South America","January 2025","88,020"
"2602 Manganese Ores A Concntrts Inc Ferr Mangn Iron Ore","South America","March 2025","46,710"
"2602 Manganese Ores A Concntrts Inc Ferr Mangn Iron Ore","South America","June 2025","94,770"
"2602 Manganese Ores A Concntrts Inc Ferr Mangn Iron Ore","South America","July 2025","133,650"
"2602 Manganese Ores A Concntrts Inc Ferr Mangn Iron Ore","South America","September 2025","46,710"
"2602 Manganese Ores A Concntrts Inc Ferr Mangn Iron Ore","South America","December 2025","134,490"
"2604 Nickel Ores And Concentrates","South America","2015","8,693"
"2604 Nickel Ores And Concentrates","South America","February 2015","8,693"
"2604 Nickel Ores And Concentrates","South America","2023","126,293"
"2604 Nickel Ores And Concentrates","South America","May 2023","4,000"
"2604 Nickel Ores And Concentrates","South America","October 2023","122,293"
"2615 Niobium, Tantalum, Vanadium & Zirconium Ore & Conc","South America","2010","2,151,884"
"2615 Niobium, Tantalum, Vanadium & Zirconium Ore & Conc","South America","July 2010","2,151,884"
"2615 Niobium, Tantalum, Vanadium & Zirconium Ore & Conc","South America","2011","2,787,071"
"2615 Niobium, Tantalum, Vanadium & Zirconium Ore & Conc","South America","June 2011","45,378"
"2615 Niobium, Tantalum, Vanadium & Zirconium Ore & Conc","South America","December 2011","2,741,693"
"2615 Niobium, Tantalum, Vanadium & Zirconium Ore & Conc","South America","2012","643,761"
"2615 Niobium, Tantalum, Vanadium & Zirconium Ore & Conc","South America","January 2012","253,667"
"2615 Niobium, Tantalum, Vanadium & Zirconium Ore & Conc","South America","September 2012","168,984"
"2615 Niobium, Tantalum, Vanadium & Zirconium Ore & Conc","South America","November 2012","75,715"
"2615 Niobium, Tantalum, Vanadium & Zirconium Ore & Conc","South America","December 2012","145,395"
"2615 Niobium, Tantalum, Vanadium & Zirconium Ore & Conc","South America","2013","29,174,210"
"2615 Niobium, Tantalum, Vanadium & Zirconium Ore & Conc","South America","April 2013","307,524"
"2615 Niobium, Tantalum, Vanadium & Zirconium Ore & Conc","South America","June 2013","4,186,317"
"2615 Niobium, Tantalum, Vanadium & Zirconium Ore & Conc","South America","July 2013","1,345,270"
"2615 Niobium, Tantalum, Vanadium & Zirconium Ore & Conc","South America","August 2013","4,430,508"
"2615 Niobium, Tantalum, Vanadium & Zirconium Ore & Conc","South America","September 2013","4,722,147"
"2615 Niobium, Tantalum, Vanadium & Zirconium Ore & Conc","South America","October 2013","53,853"
"2615 Niobium, Tantalum, Vanadium & Zirconium Ore & Conc","South America","November 2013","9,396,274"
"2615 Niobium, Tantalum, Vanadium & Zirconium Ore & Conc","South America","December 2013","4,732,317"
"2615 Niobium, Tantalum, Vanadium & Zirconium Ore & Conc","South America","2014","44,937,830"
"2615 Niobium, Tantalum, Vanadium & Zirconium Ore & Conc","South America","January 2014","2,064,855"
"2615 Niobium, Tantalum, Vanadium & Zirconium Ore & Conc","South America","February 2014","3,511,693"
"2615 Niobium, Tantalum, Vanadium & Zirconium Ore & Conc","South America","April 2014","4,501,180"
"2615 Niobium, Tantalum, Vanadium & Zirconium Ore & Conc","South America","May 2014","4,704,104"
"2615 Niobium, Tantalum, Vanadium & Zirconium Ore & Conc","South America","June 2014","4,030,834"
"2615 Niobium, Tantalum, Vanadium & Zirconium Ore & Conc","South America","July 2014","3,631,038"
"2615 Niobium, Tantalum, Vanadium & Zirconium Ore & Conc","South America","August 2014","5,603,958"
"2615 Niobium, Tantalum, Vanadium & Zirconium Ore & Conc","South America","September 2014","3,934,285"
"2615 Niobium, Tantalum, Vanadium & Zirconium Ore & Conc","South America","October 2014","3,875,347"
"2615 Niobium, Tantalum, Vanadium & Zirconium Ore & Conc","South America","November 2014","2,340,130"
"2615 Niobium, Tantalum, Vanadium & Zirconium Ore & Conc","South America","December 2014","6,740,406"
"2615 Niobium, Tantalum, Vanadium & Zirconium Ore & Conc","South America","2015","20,172,415"
"2615 Niobium, Tantalum, Vanadium & Zirconium Ore & Conc","South America","January 2015","3,593,883"
"2615 Niobium, Tantalum, Vanadium & Zirconium Ore & Conc","South America","February 2015","1,532,597"
"2615 Niobium, Tantalum, Vanadium & Zirconium Ore & Conc","South America","March 2015","2,829,409"
"2615 Niobium, Tantalum, Vanadium & Zirconium Ore & Conc","South America","April 2015","2,571,065"
"2615 Niobium, Tantalum, Vanadium & Zirconium Ore & Conc","South America","September 2015","3,669,105"
"2615 Niobium, Tantalum, Vanadium & Zirconium Ore & Conc","South America","November 2015","2,909,641"
"2615 Niobium, Tantalum, Vanadium & Zirconium Ore & Conc","South America","December 2015","3,066,715"
"2615 Niobium, Tantalum, Vanadium & Zirconium Ore & Conc","South America","2016","26,753,696"
"2615 Niobium, Tantalum, Vanadium & Zirconium Ore & Conc","South America","January 2016","1,284,734"
"2615 Niobium, Tantalum, Vanadium & Zirconium Ore & Conc","South America","February 2016","1,560,739"
"2615 Niobium, Tantalum, Vanadium & Zirconium Ore & Conc","South America","March 2016","1,578,894"
"2615 Niobium, Tantalum, Vanadium & Zirconium Ore & Conc","South America","April 2016","2,919,887"
"2615 Niobium, Tantalum, Vanadium & Zirconium Ore & Conc","South America","May 2016","1,496,055"
"2615 Niobium, Tantalum, Vanadium & Zirconium Ore & Conc","South America","June 2016","3,688,550"
"2615 Niobium, Tantalum, Vanadium & Zirconium Ore & Conc","South America","July 2016","1,820,862"
"2615 Niobium, Tantalum, Vanadium & Zirconium Ore & Conc","South America","August 2016","3,493,805"
"2615 Niobium, Tantalum, Vanadium & Zirconium Ore & Conc","South America","September 2016","1,725,027"
"2615 Niobium, Tantalum, Vanadium & Zirconium Ore & Conc","South America","October 2016","2,384,477"
"2615 Niobium, Tantalum, Vanadium & Zirconium Ore & Conc","South America","November 2016","782,420"
"2615 Niobium, Tantalum, Vanadium & Zirconium Ore & Conc","South America","December 2016","4,018,246"
"2615 Niobium, Tantalum, Vanadium & Zirconium Ore & Conc","South America","2017","3,867,674"
"2615 Niobium, Tantalum, Vanadium & Zirconium Ore & Conc","South America","January 2017","1,655,118"
"2615 Niobium, Tantalum, Vanadium & Zirconium Ore & Conc","South America","February 2017","1,293,770"
"2615 Niobium, Tantalum, Vanadium & Zirconium Ore & Conc","South America","March 2017","814,596"
"2615 Niobium, Tantalum, Vanadium & Zirconium Ore & Conc","South America","August 2017","104,190"
"2615 Niobium, Tantalum, Vanadium & Zirconium Ore & Conc","South America","2018","80,000"
"2615 Niobium, Tantalum, Vanadium & Zirconium Ore & Conc","South America","January 2018","80,000"
"2615 Niobium, Tantalum, Vanadium & Zirconium Ore & Conc","South America","2019","1,269,020"
"2615 Niobium, Tantalum, Vanadium & Zirconium Ore & Conc","South America","February 2019","107,765"
"2615 Niobium, Tantalum, Vanadium & Zirconium Ore & Conc","South America","April 2019","199,406"
"2615 Niobium, Tantalum, Vanadium & Zirconium Ore & Conc","South America","May 2019","946,408"
"2615 Niobium, Tantalum, Vanadium & Zirconium Ore & Conc","South America","June 2019","15,441"
"2615 Niobium, Tantalum, Vanadium & Zirconium Ore & Conc","South America","2022","11,800"
"2615 Niobium, Tantalum, Vanadium & Zirconium Ore & Conc","South America","July 2022","11,800"
"2820 Manganese Oxides","South America","2010","2,758,098"
"2820 Manganese Oxides","South America","January 2010","147,316"
"2820 Manganese Oxides","South America","February 2010","133,120"
"2820 Manganese Oxides","South America","March 2010","148,327"
"2820 Manganese Oxides","South America","April 2010","164,624"
"2820 Manganese Oxides","South America","May 2010","207,904"
"2820 Manganese Oxides","South America","June 2010","337,464"
"2820 Manganese Oxides","South America","July 2010","63,765"
"2820 Manganese Oxides","South America","August 2010","153,920"
"2820 Manganese Oxides","South America","September 2010","36,704"
"2820 Manganese Oxides","South America","October 2010","577,200"
"2820 Manganese Oxides","South America","November 2010","632,263"
"2820 Manganese Oxides","South America","December 2010","155,491"
"2820 Manganese Oxides","South America","2011","1,934,089"
"2820 Manganese Oxides","South America","January 2011","787,608"
"2820 Manganese Oxides","South America","February 2011","332,066"
"2820 Manganese Oxides","South America","March 2011","377,480"
"2820 Manganese Oxides","South America","April 2011","22,216"
"2820 Manganese Oxides","South America","May 2011","110,304"
"2820 Manganese Oxides","South America","June 2011","65,481"
"2820 Manganese Oxides","South America","July 2011","63,945"
"2820 Manganese Oxides","South America","August 2011","43,648"
"2820 Manganese Oxides","South America","September 2011","22,224"
"2820 Manganese Oxides","South America","October 2011","43,642"
"2820 Manganese Oxides","South America","November 2011","43,648"
"2820 Manganese Oxides","South America","December 2011","21,827"
"2820 Manganese Oxides","South America","2012","1,048,551"
"2820 Manganese Oxides","South America","January 2012","217,612"
"2820 Manganese Oxides","South America","February 2012","43,642"
"2820 Manganese Oxides","South America","March 2012","116,032"
"2820 Manganese Oxides","South America","April 2012","65,463"
"2820 Manganese Oxides","South America","May 2012","21,821"
"2820 Manganese Oxides","South America","June 2012","21,821"
"2820 Manganese Oxides","South America","July 2012","101,658"
"2820 Manganese Oxides","South America","August 2012","158,221"
"2820 Manganese Oxides","South America","September 2012","43,642"
"2820 Manganese Oxides","South America","October 2012","21,821"
"2820 Manganese Oxides","South America","November 2012","24,668"
"2820 Manganese Oxides","South America","December 2012","212,150"
"2820 Manganese Oxides","South America","2013","667,748"
"2820 Manganese Oxides","South America","January 2013","93,866"
"2820 Manganese Oxides","South America","February 2013","49,336"
"2820 Manganese Oxides","South America","March 2013","24,668"
"2820 Manganese Oxides","South America","April 2013","80,664"
"2820 Manganese Oxides","South America","June 2013","26,888"
"2820 Manganese Oxides","South America","July 2013","80,664"
"2820 Manganese Oxides","South America","August 2013","108,252"
"2820 Manganese Oxides","South America","September 2013","81,364"
"2820 Manganese Oxides","South America","October 2013","61,023"
"2820 Manganese Oxides","South America","November 2013","40,682"
"2820 Manganese Oxides","South America","December 2013","20,341"
"2820 Manganese Oxides","South America","2014","463,868"
"2820 Manganese Oxides","South America","January 2014","40,682"
"2820 Manganese Oxides","South America","February 2014","40,682"
"2820 Manganese Oxides","South America","March 2014","61,023"
"2820 Manganese Oxides","South America","April 2014","40,682"
"2820 Manganese Oxides","South America","May 2014","55,138"
"2820 Manganese Oxides","South America","June 2014","40,682"
"2820 Manganese Oxides","South America","July 2014","20,341"
"2820 Manganese Oxides","South America","August 2014","40,682"
"2820 Manganese Oxides","South America","September 2014","28,872"
"2820 Manganese Oxides","South America","October 2014","54,402"
"2820 Manganese Oxides","South America","November 2014","20,341"
"2820 Manganese Oxides","South America","December 2014","20,341"
"2820 Manganese Oxides","South America","2015","663,284"
"2820 Manganese Oxides","South America","January 2015","20,341"
"2820 Manganese Oxides","South America","February 2015","40,682"
"2820 Manganese Oxides","South America","March 2015","61,023"
"2820 Manganese Oxides","South America","April 2015","81,364"
"2820 Manganese Oxides","South America","May 2015","20,341"
"2820 Manganese Oxides","South America","July 2015","44,584"
"2820 Manganese Oxides","South America","August 2015","151,784"
"2820 Manganese Oxides","South America","September 2015","70,208"
"2820 Manganese Oxides","South America","October 2015","17,470"
"2820 Manganese Oxides","South America","November 2015","17,552"
"2820 Manganese Oxides","South America","December 2015","137,935"
"2820 Manganese Oxides","South America","2016","1,708,706"
"2820 Manganese Oxides","South America","January 2016","327,025"
"2820 Manganese Oxides","South America","February 2016","301,399"
"2820 Manganese Oxides","South America","March 2016","306,777"
"2820 Manganese Oxides","South America","April 2016","17,552"
"2820 Manganese Oxides","South America","May 2016","32,492"
"2820 Manganese Oxides","South America","June 2016","52,656"
"2820 Manganese Oxides","South America","July 2016","47,152"
"2820 Manganese Oxides","South America","August 2016","133,908"
"2820 Manganese Oxides","South America","September 2016","126,982"
"2820 Manganese Oxides","South America","October 2016","126,400"
"2820 Manganese Oxides","South America","November 2016","109,070"
"2820 Manganese Oxides","South America","December 2016","127,293"
"2820 Manganese Oxides","South America","2017","1,285,589"
"2820 Manganese Oxides","South America","January 2017","106,734"
"2820 Manganese Oxides","South America","February 2017","137,163"
"2820 Manganese Oxides","South America","March 2017","134,175"
"2820 Manganese Oxides","South America","April 2017","46,526"
"2820 Manganese Oxides","South America","May 2017","94,560"
"2820 Manganese Oxides","South America","June 2017","15,580"
"2820 Manganese Oxides","South America","July 2017","95,165"
"2820 Manganese Oxides","South America","August 2017","169,002"
"2820 Manganese Oxides","South America","September 2017","116,045"
"2820 Manganese Oxides","South America","October 2017","18,026"
"2820 Manganese Oxides","South America","November 2017","182,660"
"2820 Manganese Oxides","South America","December 2017","169,953"
"2820 Manganese Oxides","South America","2018","2,231,043"
"2820 Manganese Oxides","South America","January 2018","246,287"
"2820 Manganese Oxides","South America","February 2018","229,833"
"2820 Manganese Oxides","South America","March 2018","258,443"
"2820 Manganese Oxides","South America","April 2018","138,026"
"2820 Manganese Oxides","South America","May 2018","18,026"
"2820 Manganese Oxides","South America","June 2018","75,061"
"2820 Manganese Oxides","South America","July 2018","174,855"
"2820 Manganese Oxides","South America","August 2018","273,087"
"2820 Manganese Oxides","South America","September 2018","220,741"
"2820 Manganese Oxides","South America","October 2018","107,792"
"2820 Manganese Oxides","South America","November 2018","363,623"
"2820 Manganese Oxides","South America","December 2018","125,269"
"2820 Manganese Oxides","South America","2019","3,431,944"
"2820 Manganese Oxides","South America","January 2019","591,331"
"2820 Manganese Oxides","South America","February 2019","92,567"
"2820 Manganese Oxides","South America","March 2019","232,055"
"2820 Manganese Oxides","South America","April 2019","232,227"
"2820 Manganese Oxides","South America","May 2019","315,867"
"2820 Manganese Oxides","South America","June 2019","153,445"
"2820 Manganese Oxides","South America","July 2019","246,339"
"2820 Manganese Oxides","South America","August 2019","326,800"
"2820 Manganese Oxides","South America","September 2019","248,957"
"2820 Manganese Oxides","South America","October 2019","324,390"
"2820 Manganese Oxides","South America","November 2019","292,986"
"2820 Manganese Oxides","South America","December 2019","374,980"
"2820 Manganese Oxides","South America","2020","2,632,829"
"2820 Manganese Oxides","South America","January 2020","317,552"
"2820 Manganese Oxides","South America","February 2020","69,552"
"2820 Manganese Oxides","South America","March 2020","309,134"
"2820 Manganese Oxides","South America","April 2020","233,900"
"2820 Manganese Oxides","South America","May 2020","56,025"
"2820 Manganese Oxides","South America","June 2020","191,356"
"2820 Manganese Oxides","South America","July 2020","311,079"
"2820 Manganese Oxides","South America","August 2020","193,906"
"2820 Manganese Oxides","South America","September 2020","302,599"
"2820 Manganese Oxides","South America","October 2020","284,287"
"2820 Manganese Oxides","South America","November 2020","275,823"
"2820 Manganese Oxides","South America","December 2020","87,616"
"2820 Manganese Oxides","South America","2021","2,422,909"
"2820 Manganese Oxides","South America","January 2021","156,897"
"2820 Manganese Oxides","South America","February 2021","419,567"
"2820 Manganese Oxides","South America","March 2021","320,143"
"2820 Manganese Oxides","South America","April 2021","284,557"
"2820 Manganese Oxides","South America","May 2021","241,311"
"2820 Manganese Oxides","South America","June 2021","150,586"
"2820 Manganese Oxides","South America","July 2021","137,457"
"2820 Manganese Oxides","South America","August 2021","165,415"
"2820 Manganese Oxides","South America","September 2021","317,252"
"2820 Manganese Oxides","South America","October 2021","191,607"
"2820 Manganese Oxides","South America","December 2021","38,117"
"2820 Manganese Oxides","South America","2022","387,787"
"2820 Manganese Oxides","South America","January 2022","58,208"
"2820 Manganese Oxides","South America","February 2022","18,026"
"2820 Manganese Oxides","South America","May 2022","18,026"
"2820 Manganese Oxides","South America","July 2022","56,143"
"2820 Manganese Oxides","South America","August 2022","21,710"
"2820 Manganese Oxides","South America","September 2022","138,323"
"2820 Manganese Oxides","South America","October 2022","18,026"
"2820 Manganese Oxides","South America","November 2022","21,375"
"2820 Manganese Oxides","South America","December 2022","37,950"
"2820 Manganese Oxides","South America","2023","4,084,479"
"2820 Manganese Oxides","South America","January 2023","147,773"
"2820 Manganese Oxides","South America","February 2023","199,604"
"2820 Manganese Oxides","South America","March 2023","70,417"
"2820 Manganese Oxides","South America","May 2023","102,314"
"2820 Manganese Oxides","South America","June 2023","57,946"
"2820 Manganese Oxides","South America","July 2023","752,992"
"2820 Manganese Oxides","South America","August 2023","457,250"
"2820 Manganese Oxides","South America","September 2023","687,607"
"2820 Manganese Oxides","South America","October 2023","641,692"
"2820 Manganese Oxides","South America","November 2023","557,946"
"2820 Manganese Oxides","South America","December 2023","408,938"
"2820 Manganese Oxides","South America","2024","11,151,273"
"2820 Manganese Oxides","South America","January 2024","796,500"
"2820 Manganese Oxides","South America","February 2024","161,454"
"2820 Manganese Oxides","South America","March 2024","284,044"
"2820 Manganese Oxides","South America","April 2024","999,189"
"2820 Manganese Oxides","South America","May 2024","792,594"
"2820 Manganese Oxides","South America","June 2024","689,023"
"2820 Manganese Oxides","South America","July 2024","622,369"
"2820 Manganese Oxides","South America","August 2024","1,034,570"
"2820 Manganese Oxides","South America","September 2024","1,470,878"
"2820 Manganese Oxides","South America","October 2024","743,910"
"2820 Manganese Oxides","South America","November 2024","1,408,556"
"2820 Manganese Oxides","South America","December 2024","2,148,186"
"2820 Manganese Oxides","South America","2025","15,382,236"
"2820 Manganese Oxides","South America","January 2025","1,210,180"
"2820 Manganese Oxides","South America","February 2025","752,927"
"2820 Manganese Oxides","South America","March 2025","1,405,570"
"2820 Manganese Oxides","South America","April 2025","221,250"
"2820 Manganese Oxides","South America","May 2025","2,389,482"
"2820 Manganese Oxides","South America","June 2025","1,618,834"
"2820 Manganese Oxides","South America","July 2025","1,408,777"
"2820 Manganese Oxides","South America","August 2025","1,358,976"
"2820 Manganese Oxides","South America","September 2025","1,583,356"
"2820 Manganese Oxides","South America","October 2025","926,960"
"2820 Manganese Oxides","South America","November 2025","881,714"
"2820 Manganese Oxides","South America","December 2025","1,624,210"
"2820 Manganese Oxides","South America","February 2026","1,703,493"
"2820 Manganese Oxides","South America","January 2026","974,526"
"2824 Lead Oxides; Red Lead And Orange Lead","South America","2010","146,067"
"2824 Lead Oxides; Red Lead And Orange Lead","South America","July 2010","52,086"
"2824 Lead Oxides; Red Lead And Orange Lead","South America","November 2010","46,847"
"2824 Lead Oxides; Red Lead And Orange Lead","South America","December 2010","47,134"
"2824 Lead Oxides; Red Lead And Orange Lead","South America","2011","293,101"
"2824 Lead Oxides; Red Lead And Orange Lead","South America","January 2011","51,922"
"2824 Lead Oxides; Red Lead And Orange Lead","South America","May 2011","55,940"
"2824 Lead Oxides; Red Lead And Orange Lead","South America","July 2011","60,631"
"2824 Lead Oxides; Red Lead And Orange Lead","South America","September 2011","59,352"
"2824 Lead Oxides; Red Lead And Orange Lead","South America","December 2011","65,256"
"2824 Lead Oxides; Red Lead And Orange Lead","South America","2012","442,800"
"2824 Lead Oxides; Red Lead And Orange Lead","South America","March 2012","110,306"
"2824 Lead Oxides; Red Lead And Orange Lead","South America","August 2012","111,750"
"2824 Lead Oxides; Red Lead And Orange Lead","South America","October 2012","105,485"
"2824 Lead Oxides; Red Lead And Orange Lead","South America","December 2012","115,259"
"2824 Lead Oxides; Red Lead And Orange Lead","South America","2013","175,398"
"2824 Lead Oxides; Red Lead And Orange Lead","South America","April 2013","117,555"
"2824 Lead Oxides; Red Lead And Orange Lead","South America","December 2013","57,843"
"2824 Lead Oxides; Red Lead And Orange Lead","South America","2014","56,121"
"2824 Lead Oxides; Red Lead And Orange Lead","South America","September 2014","56,121"
"2824 Lead Oxides; Red Lead And Orange Lead","South America","2015","176,291"
"2824 Lead Oxides; Red Lead And Orange Lead","South America","February 2015","15,669"
"2824 Lead Oxides; Red Lead And Orange Lead","South America","April 2015","55,530"
"2824 Lead Oxides; Red Lead And Orange Lead","South America","July 2015","52,546"
"2824 Lead Oxides; Red Lead And Orange Lead","South America","October 2015","52,546"
"2824 Lead Oxides; Red Lead And Orange Lead","South America","2016","34,342"
"2824 Lead Oxides; Red Lead And Orange Lead","South America","August 2016","34,342"
"2824 Lead Oxides; Red Lead And Orange Lead","South America","2022","348,808"
"2824 Lead Oxides; Red Lead And Orange Lead","South America","March 2022","68,690"
"2824 Lead Oxides; Red Lead And Orange Lead","South America","May 2022","54,715"
"2824 Lead Oxides; Red Lead And Orange Lead","South America","June 2022","56,501"
"2824 Lead Oxides; Red Lead And Orange Lead","South America","September 2022","77,526"
"2824 Lead Oxides; Red Lead And Orange Lead","South America","November 2022","91,376"
"2824 Lead Oxides; Red Lead And Orange Lead","South America","2023","282,396"
"2824 Lead Oxides; Red Lead And Orange Lead","South America","May 2023","62,687"
"2824 Lead Oxides; Red Lead And Orange Lead","South America","June 2023","62,687"
"2824 Lead Oxides; Red Lead And Orange Lead","South America","August 2023","95,394"
"2824 Lead Oxides; Red Lead And Orange Lead","South America","November 2023","61,628"
"2824 Lead Oxides; Red Lead And Orange Lead","South America","2024","296,135"
"2824 Lead Oxides; Red Lead And Orange Lead","South America","January 2024","61,628"
"2824 Lead Oxides; Red Lead And Orange Lead","South America","May 2024","55,350"
"2824 Lead Oxides; Red Lead And Orange Lead","South America","June 2024","55,858"
"2824 Lead Oxides; Red Lead And Orange Lead","South America","July 2024","58,548"
"2824 Lead Oxides; Red Lead And Orange Lead","South America","September 2024","6,078"
"2824 Lead Oxides; Red Lead And Orange Lead","South America","December 2024","58,673"
"2824 Lead Oxides; Red Lead And Orange Lead","South America","2025","238,969"
"2824 Lead Oxides; Red Lead And Orange Lead","South America","April 2025","46,521"
"2824 Lead Oxides; Red Lead And Orange Lead","South America","May 2025","58,673"
"2824 Lead Oxides; Red Lead And Orange Lead","South America","June 2025","64,895"
"2824 Lead Oxides; Red Lead And Orange Lead","South America","November 2025","68,880"
"7501 Nickle Mattes, Nickle Oxide Sinters, Oth Int Prod","South America","2025","4,488"
"7501 Nickle Mattes, Nickle Oxide Sinters, Oth Int Prod","South America","February 2025","4,488"
"7502 Nickle, Unwrought","South America","2010","70,583,049"
"7502 Nickle, Unwrought","South America","January 2010","623,076"
"7502 Nickle, Unwrought","South America","February 2010","9,380,766"
"7502 Nickle, Unwrought","South America","March 2010","5,634,189"
"7502 Nickle, Unwrought","South America","April 2010","7,065,633"
"7502 Nickle, Unwrought","South America","May 2010","2,583,652"
"7502 Nickle, Unwrought","South America","June 2010","5,818,051"
"7502 Nickle, Unwrought","South America","July 2010","9,228,122"
"7502 Nickle, Unwrought","South America","August 2010","2,471,426"
"7502 Nickle, Unwrought","South America","September 2010","8,228,234"
"7502 Nickle, Unwrought","South America","October 2010","6,925,595"
"7502 Nickle, Unwrought","South America","November 2010","5,349,541"
"7502 Nickle, Unwrought","South America","December 2010","7,274,764"
"7502 Nickle, Unwrought","South America","2011","89,467,561"
"7502 Nickle, Unwrought","South America","January 2011","2,199,158"
"7502 Nickle, Unwrought","South America","February 2011","4,203,247"
"7502 Nickle, Unwrought","South America","March 2011","13,882,185"
"7502 Nickle, Unwrought","South America","April 2011","6,185,169"
"7502 Nickle, Unwrought","South America","May 2011","6,778,456"
"7502 Nickle, Unwrought","South America","June 2011","11,908,946"
"7502 Nickle, Unwrought","South America","July 2011","9,432,422"
"7502 Nickle, Unwrought","South America","August 2011","7,369,864"
"7502 Nickle, Unwrought","South America","September 2011","4,805,832"
"7502 Nickle, Unwrought","South America","October 2011","4,723,960"
"7502 Nickle, Unwrought","South America","November 2011","9,519,038"
"7502 Nickle, Unwrought","South America","December 2011","8,459,284"
"7502 Nickle, Unwrought","South America","2012","67,123,308"
"7502 Nickle, Unwrought","South America","January 2012","2,779,598"
"7502 Nickle, Unwrought","South America","February 2012","11,942,049"
"7502 Nickle, Unwrought","South America","March 2012","6,523,719"
"7502 Nickle, Unwrought","South America","April 2012","6,465,807"
"7502 Nickle, Unwrought","South America","May 2012","4,104,044"
"7502 Nickle, Unwrought","South America","June 2012","1,129,985"
"7502 Nickle, Unwrought","South America","July 2012","4,569,171"
"7502 Nickle, Unwrought","South America","August 2012","7,742,079"
"7502 Nickle, Unwrought","South America","September 2012","6,552,683"
"7502 Nickle, Unwrought","South America","October 2012","6,859,430"
"7502 Nickle, Unwrought","South America","November 2012","3,281,872"
"7502 Nickle, Unwrought","South America","December 2012","5,172,871"
"7502 Nickle, Unwrought","South America","2013","61,765,643"
"7502 Nickle, Unwrought","South America","January 2013","5,143,436"
"7502 Nickle, Unwrought","South America","February 2013","3,697,798"
"7502 Nickle, Unwrought","South America","March 2013","5,519,548"
"7502 Nickle, Unwrought","South America","April 2013","5,503,221"
"7502 Nickle, Unwrought","South America","May 2013","6,931,538"
"7502 Nickle, Unwrought","South America","June 2013","5,683,842"
"7502 Nickle, Unwrought","South America","July 2013","5,732,682"
"7502 Nickle, Unwrought","South America","August 2013","4,606,469"
"7502 Nickle, Unwrought","South America","September 2013","2,694,034"
"7502 Nickle, Unwrought","South America","October 2013","7,936,564"
"7502 Nickle, Unwrought","South America","November 2013","5,976,277"
"7502 Nickle, Unwrought","South America","December 2013","2,340,234"
"7502 Nickle, Unwrought","South America","2014","122,428,959"
"7502 Nickle, Unwrought","South America","January 2014","13,374,021"
"7502 Nickle, Unwrought","South America","February 2014","3,735,117"
"7502 Nickle, Unwrought","South America","March 2014","4,635,025"
"7502 Nickle, Unwrought","South America","April 2014","4,391,727"
"7502 Nickle, Unwrought","South America","May 2014","14,806,688"
"7502 Nickle, Unwrought","South America","June 2014","13,825,177"
"7502 Nickle, Unwrought","South America","July 2014","21,213,683"
"7502 Nickle, Unwrought","South America","August 2014","8,002,475"
"7502 Nickle, Unwrought","South America","September 2014","17,783,831"
"7502 Nickle, Unwrought","South America","October 2014","1,782,070"
"7502 Nickle, Unwrought","South America","November 2014","7,044,983"
"7502 Nickle, Unwrought","South America","December 2014","11,834,162"
"7502 Nickle, Unwrought","South America","2015","83,172,363"
"7502 Nickle, Unwrought","South America","January 2015","9,608,302"
"7502 Nickle, Unwrought","South America","February 2015","10,226,745"
"7502 Nickle, Unwrought","South America","March 2015","6,235,467"
"7502 Nickle, Unwrought","South America","April 2015","7,327,434"
"7502 Nickle, Unwrought","South America","May 2015","10,285,665"
"7502 Nickle, Unwrought","South America","June 2015","3,175,642"
"7502 Nickle, Unwrought","South America","July 2015","3,730,894"
"7502 Nickle, Unwrought","South America","August 2015","6,794,948"
"7502 Nickle, Unwrought","South America","September 2015","3,864,875"
"7502 Nickle, Unwrought","South America","October 2015","3,199,478"
"7502 Nickle, Unwrought","South America","November 2015","8,590,670"
"7502 Nickle, Unwrought","South America","December 2015","10,132,243"
"7502 Nickle, Unwrought","South America","2016","24,741,673"
"7502 Nickle, Unwrought","South America","January 2016","4,329,924"
"7502 Nickle, Unwrought","South America","February 2016","3,879,852"
"7502 Nickle, Unwrought","South America","March 2016","6,284,915"
"7502 Nickle, Unwrought","South America","April 2016","2,376,914"
"7502 Nickle, Unwrought","South America","May 2016","3,736,363"
"7502 Nickle, Unwrought","South America","June 2016","1,598,616"
"7502 Nickle, Unwrought","South America","August 2016","1,465,103"
"7502 Nickle, Unwrought","South America","November 2016","1,069,986"
"7502 Nickle, Unwrought","South America","2017","20,014,689"
"7502 Nickle, Unwrought","South America","January 2017","645,698"
"7502 Nickle, Unwrought","South America","April 2017","5,460,064"
"7502 Nickle, Unwrought","South America","September 2017","615,520"
"7502 Nickle, Unwrought","South America","October 2017","1,121,851"
"7502 Nickle, Unwrought","South America","November 2017","5,529,296"
"7502 Nickle, Unwrought","South America","December 2017","6,642,260"
"7502 Nickle, Unwrought","South America","2018","14,091,684"
"7502 Nickle, Unwrought","South America","January 2018","5,161,571"
"7502 Nickle, Unwrought","South America","March 2018","475,890"
"7502 Nickle, Unwrought","South America","April 2018","731,855"
"7502 Nickle, Unwrought","South America","May 2018","4,620,571"
"7502 Nickle, Unwrought","South America","July 2018","875,463"
"7502 Nickle, Unwrought","South America","August 2018","4,410"
"7502 Nickle, Unwrought","South America","November 2018","1,840,079"
"7502 Nickle, Unwrought","South America","December 2018","381,845"
"7502 Nickle, Unwrought","South America","2019","2,053,068"
"7502 Nickle, Unwrought","South America","March 2019","1,084,907"
"7502 Nickle, Unwrought","South America","May 2019","968,161"
"7502 Nickle, Unwrought","South America","2020","2,253,524"
"7502 Nickle, Unwrought","South America","March 2020","2,253,524"
"7502 Nickle, Unwrought","South America","2021","14,021,150"
"7502 Nickle, Unwrought","South America","March 2021","2,648,574"
"7502 Nickle, Unwrought","South America","June 2021","1,690,958"
"7502 Nickle, Unwrought","South America","July 2021","3,909,393"
"7502 Nickle, Unwrought","South America","August 2021","3,056,181"
"7502 Nickle, Unwrought","South America","September 2021","2,716,044"
"7502 Nickle, Unwrought","South America","2022","5,081,025"
"7502 Nickle, Unwrought","South America","July 2022","3,022,272"
"7502 Nickle, Unwrought","South America","September 2022","796,176"
"7502 Nickle, Unwrought","South America","October 2022","1,262,577"
"7502 Nickle, Unwrought","South America","2023","26,206,297"
"7502 Nickle, Unwrought","South America","February 2023","4,384,113"
"7502 Nickle, Unwrought","South America","April 2023","609,507"
"7502 Nickle, Unwrought","South America","June 2023","8,306,131"
"7502 Nickle, Unwrought","South America","August 2023","1,419,164"
"7502 Nickle, Unwrought","South America","September 2023","2,427,122"
"7502 Nickle, Unwrought","South America","October 2023","3,288,803"
"7502 Nickle, Unwrought","South America","November 2023","2,591,739"
"7502 Nickle, Unwrought","South America","December 2023","3,179,718"
"7502 Nickle, Unwrought","South America","2024","28,789"
"7502 Nickle, Unwrought","South America","November 2024","28,789"
"7502 Nickle, Unwrought","South America","2025","8,623,492"
"7502 Nickle, Unwrought","South America","March 2025","6,540,680"
"7502 Nickle, Unwrought","South America","May 2025","2,082,812"
"8111 Manganese And Artcles Thereof, Inc Waste And Scrap","South America","2012","61,425"
"8111 Manganese And Artcles Thereof, Inc Waste And Scrap","South America","April 2012","61,425"
"8111 Manganese And Artcles Thereof, Inc Waste And Scrap","South America","2025","669,184"
"8111 Manganese And Artcles Thereof, Inc Waste And Scrap","South America","February 2025","24,353"
"8111 Manganese And Artcles Thereof, Inc Waste And Scrap","South America","March 2025","93,256"
"8111 Manganese And Artcles Thereof, Inc Waste And Scrap","South America","April 2025","103,197"
"8111 Manganese And Artcles Thereof, Inc Waste And Scrap","South America","May 2025","52,575"
"8111 Manganese And Artcles Thereof, Inc Waste And Scrap","South America","June 2025","105,806"
"8111 Manganese And Artcles Thereof, Inc Waste And Scrap","South America","July 2025","106,897"
"8111 Manganese And Artcles Thereof, Inc Waste And Scrap","South America","August 2025","157,317"
"8111 Manganese And Artcles Thereof, Inc Waste And Scrap","South America","September 2025","25,783"
"8112 Beryllium,chromium,hafnium,rhenium Etc & Articles","South America","2010","100,328,569"
"8112 Beryllium,chromium,hafnium,rhenium Etc & Articles","South America","January 2010","1,660,296"
"8112 Beryllium,chromium,hafnium,rhenium Etc & Articles","South America","February 2010","4,552,572"
"8112 Beryllium,chromium,hafnium,rhenium Etc & Articles","South America","March 2010","7,891,505"
"8112 Beryllium,chromium,hafnium,rhenium Etc & Articles","South America","April 2010","4,858,347"
"8112 Beryllium,chromium,hafnium,rhenium Etc & Articles","South America","May 2010","4,638,960"
"8112 Beryllium,chromium,hafnium,rhenium Etc & Articles","South America","June 2010","15,799,124"
"8112 Beryllium,chromium,hafnium,rhenium Etc & Articles","South America","July 2010","8,115,448"
"8112 Beryllium,chromium,hafnium,rhenium Etc & Articles","South America","August 2010","7,410,591"
"8112 Beryllium,chromium,hafnium,rhenium Etc & Articles","South America","September 2010","7,239,378"
"8112 Beryllium,chromium,hafnium,rhenium Etc & Articles","South America","October 2010","13,866,447"
"8112 Beryllium,chromium,hafnium,rhenium Etc & Articles","South America","November 2010","8,127,204"
"8112 Beryllium,chromium,hafnium,rhenium Etc & Articles","South America","December 2010","16,168,697"
"8112 Beryllium,chromium,hafnium,rhenium Etc & Articles","South America","2011","109,802,012"
"8112 Beryllium,chromium,hafnium,rhenium Etc & Articles","South America","January 2011","3,630,089"
"8112 Beryllium,chromium,hafnium,rhenium Etc & Articles","South America","February 2011","7,583,802"
"8112 Beryllium,chromium,hafnium,rhenium Etc & Articles","South America","March 2011","11,218,646"
"8112 Beryllium,chromium,hafnium,rhenium Etc & Articles","South America","April 2011","6,269,195"
"8112 Beryllium,chromium,hafnium,rhenium Etc & Articles","South America","May 2011","8,380,786"
"8112 Beryllium,chromium,hafnium,rhenium Etc & Articles","South America","June 2011","14,675,687"
"8112 Beryllium,chromium,hafnium,rhenium Etc & Articles","South America","July 2011","8,422,041"
"8112 Beryllium,chromium,hafnium,rhenium Etc & Articles","South America","August 2011","6,340,921"
"8112 Beryllium,chromium,hafnium,rhenium Etc & Articles","South America","September 2011","7,099,627"
"8112 Beryllium,chromium,hafnium,rhenium Etc & Articles","South America","October 2011","13,051,611"
"8112 Beryllium,chromium,hafnium,rhenium Etc & Articles","South America","November 2011","16,729,203"
"8112 Beryllium,chromium,hafnium,rhenium Etc & Articles","South America","December 2011","6,400,404"
"8112 Beryllium,chromium,hafnium,rhenium Etc & Articles","South America","2012","126,749,792"
"8112 Beryllium,chromium,hafnium,rhenium Etc & Articles","South America","January 2012","10,786,820"
"8112 Beryllium,chromium,hafnium,rhenium Etc & Articles","South America","February 2012","9,578,792"
"8112 Beryllium,chromium,hafnium,rhenium Etc & Articles","South America","March 2012","9,309,595"
"8112 Beryllium,chromium,hafnium,rhenium Etc & Articles","South America","April 2012","8,068,913"
"8112 Beryllium,chromium,hafnium,rhenium Etc & Articles","South America","May 2012","8,052,713"
"8112 Beryllium,chromium,hafnium,rhenium Etc & Articles","South America","June 2012","19,019,028"
"8112 Beryllium,chromium,hafnium,rhenium Etc & Articles","South America","July 2012","8,655,927"
"8112 Beryllium,chromium,hafnium,rhenium Etc & Articles","South America","August 2012","6,536,745"
"8112 Beryllium,chromium,hafnium,rhenium Etc & Articles","South America","September 2012","12,066,149"
"8112 Beryllium,chromium,hafnium,rhenium Etc & Articles","South America","October 2012","7,556,070"
"8112 Beryllium,chromium,hafnium,rhenium Etc & Articles","South America","November 2012","18,595,766"
"8112 Beryllium,chromium,hafnium,rhenium Etc & Articles","South America","December 2012","8,523,274"
"8112 Beryllium,chromium,hafnium,rhenium Etc & Articles","South America","2013","118,499,200"
"8112 Beryllium,chromium,hafnium,rhenium Etc & Articles","South America","January 2013","8,314,340"
"8112 Beryllium,chromium,hafnium,rhenium Etc & Articles","South America","February 2013","9,586,459"
"8112 Beryllium,chromium,hafnium,rhenium Etc & Articles","South America","March 2013","5,059,938"
"8112 Beryllium,chromium,hafnium,rhenium Etc & Articles","South America","April 2013","13,387,971"
"8112 Beryllium,chromium,hafnium,rhenium Etc & Articles","South America","May 2013","12,552,234"
"8112 Beryllium,chromium,hafnium,rhenium Etc & Articles","South America","June 2013","20,942,923"
"8112 Beryllium,chromium,hafnium,rhenium Etc & Articles","South America","July 2013","10,442,096"
"8112 Beryllium,chromium,hafnium,rhenium Etc & Articles","South America","August 2013","1,838,059"
"8112 Beryllium,chromium,hafnium,rhenium Etc & Articles","South America","September 2013","6,010,060"
"8112 Beryllium,chromium,hafnium,rhenium Etc & Articles","South America","October 2013","9,362,834"
"8112 Beryllium,chromium,hafnium,rhenium Etc & Articles","South America","November 2013","5,766,656"
"8112 Beryllium,chromium,hafnium,rhenium Etc & Articles","South America","December 2013","15,235,630"
"8112 Beryllium,chromium,hafnium,rhenium Etc & Articles","South America","2014","129,066,410"
"8112 Beryllium,chromium,hafnium,rhenium Etc & Articles","South America","January 2014","12,606,187"
"8112 Beryllium,chromium,hafnium,rhenium Etc & Articles","South America","February 2014","10,782,870"
"8112 Beryllium,chromium,hafnium,rhenium Etc & Articles","South America","March 2014","11,271,672"
"8112 Beryllium,chromium,hafnium,rhenium Etc & Articles","South America","April 2014","13,085,744"
"8112 Beryllium,chromium,hafnium,rhenium Etc & Articles","South America","May 2014","9,466,221"
"8112 Beryllium,chromium,hafnium,rhenium Etc & Articles","South America","June 2014","10,913,595"
"8112 Beryllium,chromium,hafnium,rhenium Etc & Articles","South America","July 2014","10,457,421"
"8112 Beryllium,chromium,hafnium,rhenium Etc & Articles","South America","August 2014","5,415,539"
"8112 Beryllium,chromium,hafnium,rhenium Etc & Articles","South America","September 2014","12,256,825"
"8112 Beryllium,chromium,hafnium,rhenium Etc & Articles","South America","October 2014","7,861,919"
"8112 Beryllium,chromium,hafnium,rhenium Etc & Articles","South America","November 2014","13,763,155"
"8112 Beryllium,chromium,hafnium,rhenium Etc & Articles","South America","December 2014","11,185,262"
"8112 Beryllium,chromium,hafnium,rhenium Etc & Articles","South America","2015","96,595,787"
"8112 Beryllium,chromium,hafnium,rhenium Etc & Articles","South America","January 2015","7,654,609"
"8112 Beryllium,chromium,hafnium,rhenium Etc & Articles","South America","February 2015","5,595,385"
"8112 Beryllium,chromium,hafnium,rhenium Etc & Articles","South America","March 2015","15,374,755"
"8112 Beryllium,chromium,hafnium,rhenium Etc & Articles","South America","April 2015","1,541,911"
"8112 Beryllium,chromium,hafnium,rhenium Etc & Articles","South America","May 2015","5,482,853"
"8112 Beryllium,chromium,hafnium,rhenium Etc & Articles","South America","June 2015","12,328,760"
"8112 Beryllium,chromium,hafnium,rhenium Etc & Articles","South America","July 2015","10,505,600"
"8112 Beryllium,chromium,hafnium,rhenium Etc & Articles","South America","August 2015","8,712,387"
"8112 Beryllium,chromium,hafnium,rhenium Etc & Articles","South America","September 2015","13,392,198"
"8112 Beryllium,chromium,hafnium,rhenium Etc & Articles","South America","October 2015","1,327,040"
"8112 Beryllium,chromium,hafnium,rhenium Etc & Articles","South America","November 2015","6,784,112"
"8112 Beryllium,chromium,hafnium,rhenium Etc & Articles","South America","December 2015","7,896,177"
"8112 Beryllium,chromium,hafnium,rhenium Etc & Articles","South America","2016","105,882,443"
"8112 Beryllium,chromium,hafnium,rhenium Etc & Articles","South America","January 2016","2,056,233"
"8112 Beryllium,chromium,hafnium,rhenium Etc & Articles","South America","February 2016","5,005,544"
"8112 Beryllium,chromium,hafnium,rhenium Etc & Articles","South America","March 2016","10,630,568"
"8112 Beryllium,chromium,hafnium,rhenium Etc & Articles","South America","April 2016","5,072,553"
"8112 Beryllium,chromium,hafnium,rhenium Etc & Articles","South America","May 2016","10,315,053"
"8112 Beryllium,chromium,hafnium,rhenium Etc & Articles","South America","June 2016","12,532,579"
"8112 Beryllium,chromium,hafnium,rhenium Etc & Articles","South America","July 2016","6,603,664"
"8112 Beryllium,chromium,hafnium,rhenium Etc & Articles","South America","August 2016","5,816,168"
"8112 Beryllium,chromium,hafnium,rhenium Etc & Articles","South America","September 2016","12,037,217"
"8112 Beryllium,chromium,hafnium,rhenium Etc & Articles","South America","October 2016","7,756,187"
"8112 Beryllium,chromium,hafnium,rhenium Etc & Articles","South America","November 2016","16,048,382"
"8112 Beryllium,chromium,hafnium,rhenium Etc & Articles","South America","December 2016","12,008,295"
"8112 Beryllium,chromium,hafnium,rhenium Etc & Articles","South America","2017","110,644,815"
"8112 Beryllium,chromium,hafnium,rhenium Etc & Articles","South America","January 2017","7,839,493"
"8112 Beryllium,chromium,hafnium,rhenium Etc & Articles","South America","February 2017","11,950,609"
"8112 Beryllium,chromium,hafnium,rhenium Etc & Articles","South America","March 2017","5,783,273"
"8112 Beryllium,chromium,hafnium,rhenium Etc & Articles","South America","April 2017","7,519,951"
"8112 Beryllium,chromium,hafnium,rhenium Etc & Articles","South America","May 2017","7,686,950"
"8112 Beryllium,chromium,hafnium,rhenium Etc & Articles","South America","June 2017","12,375,528"
"8112 Beryllium,chromium,hafnium,rhenium Etc & Articles","South America","July 2017","5,868,011"
"8112 Beryllium,chromium,hafnium,rhenium Etc & Articles","South America","August 2017","10,160,487"
"8112 Beryllium,chromium,hafnium,rhenium Etc & Articles","South America","September 2017","8,942,814"
"8112 Beryllium,chromium,hafnium,rhenium Etc & Articles","South America","October 2017","8,067,838"
"8112 Beryllium,chromium,hafnium,rhenium Etc & Articles","South America","November 2017","6,693,505"
"8112 Beryllium,chromium,hafnium,rhenium Etc & Articles","South America","December 2017","17,756,356"
"8112 Beryllium,chromium,hafnium,rhenium Etc & Articles","South America","2018","124,114,555"
"8112 Beryllium,chromium,hafnium,rhenium Etc & Articles","South America","January 2018","8,529,458"
"8112 Beryllium,chromium,hafnium,rhenium Etc & Articles","South America","February 2018","10,197,590"
"8112 Beryllium,chromium,hafnium,rhenium Etc & Articles","South America","March 2018","8,456,798"
"8112 Beryllium,chromium,hafnium,rhenium Etc & Articles","South America","April 2018","12,030,903"
"8112 Beryllium,chromium,hafnium,rhenium Etc & Articles","South America","May 2018","15,699,767"
"8112 Beryllium,chromium,hafnium,rhenium Etc & Articles","South America","June 2018","8,248,889"
"8112 Beryllium,chromium,hafnium,rhenium Etc & Articles","South America","July 2018","12,060,791"
"8112 Beryllium,chromium,hafnium,rhenium Etc & Articles","South America","August 2018","5,747,543"
"8112 Beryllium,chromium,hafnium,rhenium Etc & Articles","South America","September 2018","18,760,195"
"8112 Beryllium,chromium,hafnium,rhenium Etc & Articles","South America","October 2018","5,312,299"
"8112 Beryllium,chromium,hafnium,rhenium Etc & Articles","South America","November 2018","9,416,934"
"8112 Beryllium,chromium,hafnium,rhenium Etc & Articles","South America","December 2018","9,653,388"
"8112 Beryllium,chromium,hafnium,rhenium Etc & Articles","South America","2019","112,613,286"
"8112 Beryllium,chromium,hafnium,rhenium Etc & Articles","South America","January 2019","10,151,538"
"8112 Beryllium,chromium,hafnium,rhenium Etc & Articles","South America","February 2019","11,991,048"
"8112 Beryllium,chromium,hafnium,rhenium Etc & Articles","South America","March 2019","7,637,109"
"8112 Beryllium,chromium,hafnium,rhenium Etc & Articles","South America","April 2019","11,225,486"
"8112 Beryllium,chromium,hafnium,rhenium Etc & Articles","South America","May 2019","11,392,183"
"8112 Beryllium,chromium,hafnium,rhenium Etc & Articles","South America","June 2019","11,675,468"
"8112 Beryllium,chromium,hafnium,rhenium Etc & Articles","South America","July 2019","3,694,210"
"8112 Beryllium,chromium,hafnium,rhenium Etc & Articles","South America","August 2019","3,792,277"
"8112 Beryllium,chromium,hafnium,rhenium Etc & Articles","South America","September 2019","20,526,025"
"8112 Beryllium,chromium,hafnium,rhenium Etc & Articles","South America","October 2019","6,175,000"
"8112 Beryllium,chromium,hafnium,rhenium Etc & Articles","South America","November 2019","8,639,755"
"8112 Beryllium,chromium,hafnium,rhenium Etc & Articles","South America","December 2019","5,713,187"
"8112 Beryllium,chromium,hafnium,rhenium Etc & Articles","South America","2020","60,976,226"
"8112 Beryllium,chromium,hafnium,rhenium Etc & Articles","South America","January 2020","8,166,618"
"8112 Beryllium,chromium,hafnium,rhenium Etc & Articles","South America","February 2020","6,749,438"
"8112 Beryllium,chromium,hafnium,rhenium Etc & Articles","South America","March 2020","12,988,166"
"8112 Beryllium,chromium,hafnium,rhenium Etc & Articles","South America","April 2020","10,587,620"
"8112 Beryllium,chromium,hafnium,rhenium Etc & Articles","South America","May 2020","8,745,359"
"8112 Beryllium,chromium,hafnium,rhenium Etc & Articles","South America","June 2020","671,764"
"8112 Beryllium,chromium,hafnium,rhenium Etc & Articles","South America","July 2020","1,755,600"
"8112 Beryllium,chromium,hafnium,rhenium Etc & Articles","South America","October 2020","6,425,224"
"8112 Beryllium,chromium,hafnium,rhenium Etc & Articles","South America","December 2020","4,886,437"
"8112 Beryllium,chromium,hafnium,rhenium Etc & Articles","South America","2021","65,836,183"
"8112 Beryllium,chromium,hafnium,rhenium Etc & Articles","South America","January 2021","1,963,231"
"8112 Beryllium,chromium,hafnium,rhenium Etc & Articles","South America","February 2021","1,509,765"
"8112 Beryllium,chromium,hafnium,rhenium Etc & Articles","South America","March 2021","1,283,480"
"8112 Beryllium,chromium,hafnium,rhenium Etc & Articles","South America","April 2021","4,609,434"
"8112 Beryllium,chromium,hafnium,rhenium Etc & Articles","South America","May 2021","9,433,264"
"8112 Beryllium,chromium,hafnium,rhenium Etc & Articles","South America","June 2021","5,634,397"
"8112 Beryllium,chromium,hafnium,rhenium Etc & Articles","South America","July 2021","6,087,405"
"8112 Beryllium,chromium,hafnium,rhenium Etc & Articles","South America","August 2021","5,593,392"
"8112 Beryllium,chromium,hafnium,rhenium Etc & Articles","South America","September 2021","6,871,723"
"8112 Beryllium,chromium,hafnium,rhenium Etc & Articles","South America","October 2021","5,840,144"
"8112 Beryllium,chromium,hafnium,rhenium Etc & Articles","South America","November 2021","6,885,719"
"8112 Beryllium,chromium,hafnium,rhenium Etc & Articles","South America","December 2021","10,124,229"
"8112 Beryllium,chromium,hafnium,rhenium Etc & Articles","South America","2022","88,288,413"
"8112 Beryllium,chromium,hafnium,rhenium Etc & Articles","South America","January 2022","8,379,838"
"8112 Beryllium,chromium,hafnium,rhenium Etc & Articles","South America","February 2022","7,924,516"
"8112 Beryllium,chromium,hafnium,rhenium Etc & Articles","South America","March 2022","4,708,277"
"8112 Beryllium,chromium,hafnium,rhenium Etc & Articles","South America","April 2022","8,703,154"
"8112 Beryllium,chromium,hafnium,rhenium Etc & Articles","South America","May 2022","3,935,479"
"8112 Beryllium,chromium,hafnium,rhenium Etc & Articles","South America","June 2022","7,268,047"
"8112 Beryllium,chromium,hafnium,rhenium Etc & Articles","South America","July 2022","9,812,880"
"8112 Beryllium,chromium,hafnium,rhenium Etc & Articles","South America","August 2022","4,323,495"
"8112 Beryllium,chromium,hafnium,rhenium Etc & Articles","South America","September 2022","3,617,028"
"8112 Beryllium,chromium,hafnium,rhenium Etc & Articles","South America","October 2022","9,893,788"
"8112 Beryllium,chromium,hafnium,rhenium Etc & Articles","South America","November 2022","5,730,579"
"8112 Beryllium,chromium,hafnium,rhenium Etc & Articles","South America","December 2022","13,991,332"
"8112 Beryllium,chromium,hafnium,rhenium Etc & Articles","South America","2023","124,256,608"
"8112 Beryllium,chromium,hafnium,rhenium Etc & Articles","South America","January 2023","13,700,941"
"8112 Beryllium,chromium,hafnium,rhenium Etc & Articles","South America","February 2023","12,826,676"
"8112 Beryllium,chromium,hafnium,rhenium Etc & Articles","South America","March 2023","8,503,521"
"8112 Beryllium,chromium,hafnium,rhenium Etc & Articles","South America","April 2023","5,480,335"
"8112 Beryllium,chromium,hafnium,rhenium Etc & Articles","South America","May 2023","9,161,898"
"8112 Beryllium,chromium,hafnium,rhenium Etc & Articles","South America","June 2023","5,490,070"
"8112 Beryllium,chromium,hafnium,rhenium Etc & Articles","South America","July 2023","6,380,640"
"8112 Beryllium,chromium,hafnium,rhenium Etc & Articles","South America","August 2023","4,584,562"
"8112 Beryllium,chromium,hafnium,rhenium Etc & Articles","South America","September 2023","17,039,883"
"8112 Beryllium,chromium,hafnium,rhenium Etc & Articles","South America","October 2023","12,510,857"
"8112 Beryllium,chromium,hafnium,rhenium Etc & Articles","South America","November 2023","9,987,052"
"8112 Beryllium,chromium,hafnium,rhenium Etc & Articles","South America","December 2023","18,590,173"
"8112 Beryllium,chromium,hafnium,rhenium Etc & Articles","South America","2024","117,007,724"
"8112 Beryllium,chromium,hafnium,rhenium Etc & Articles","South America","January 2024","3,311,682"
"8112 Beryllium,chromium,hafnium,rhenium Etc & Articles","South America","February 2024","7,373,623"
"8112 Beryllium,chromium,hafnium,rhenium Etc & Articles","South America","March 2024","10,024,419"
"8112 Beryllium,chromium,hafnium,rhenium Etc & Articles","South America","April 2024","8,926,062"
"8112 Beryllium,chromium,hafnium,rhenium Etc & Articles","South America","May 2024","5,680,921"
"8112 Beryllium,chromium,hafnium,rhenium Etc & Articles","South America","June 2024","6,823,360"
"8112 Beryllium,chromium,hafnium,rhenium Etc & Articles","South America","July 2024","8,937,373"
"8112 Beryllium,chromium,hafnium,rhenium Etc & Articles","South America","August 2024","8,844,563"
"8112 Beryllium,chromium,hafnium,rhenium Etc & Articles","South America","September 2024","1,052,550"
"8112 Beryllium,chromium,hafnium,rhenium Etc & Articles","South America","October 2024","19,148,775"
"8112 Beryllium,chromium,hafnium,rhenium Etc & Articles","South America","November 2024","22,136,204"
"8112 Beryllium,chromium,hafnium,rhenium Etc & Articles","South America","December 2024","14,748,192"
"8112 Beryllium,chromium,hafnium,rhenium Etc & Articles","South America","2025","118,669,453"
"8112 Beryllium,chromium,hafnium,rhenium Etc & Articles","South America","January 2025","14,400,237"
"8112 Beryllium,chromium,hafnium,rhenium Etc & Articles","South America","February 2025","2,395,202"
"8112 Beryllium,chromium,hafnium,rhenium Etc & Articles","South America","March 2025","4,728,266"
"8112 Beryllium,chromium,hafnium,rhenium Etc & Articles","South America","April 2025","14,858,483"
"8112 Beryllium,chromium,hafnium,rhenium Etc & Articles","South America","May 2025","12,945,875"
"8112 Beryllium,chromium,hafnium,rhenium Etc & Articles","South America","June 2025","22,983,914"
"8112 Beryllium,chromium,hafnium,rhenium Etc & Articles","South America","July 2025","12,244,127"
"8112 Beryllium,chromium,hafnium,rhenium Etc & Articles","South America","August 2025","6,517,538"
"8112 Beryllium,chromium,hafnium,rhenium Etc & Articles","South America","September 2025","11,052,218"
"8112 Beryllium,chromium,hafnium,rhenium Etc & Articles","South America","October 2025","546,791"
"8112 Beryllium,chromium,hafnium,rhenium Etc & Articles","South America","November 2025","8,682,088"
"8112 Beryllium,chromium,hafnium,rhenium Etc & Articles","South America","December 2025","7,314,714"
"8112 Beryllium,chromium,hafnium,rhenium Etc & Articles","South America","February 2026","10,008,868"
"8112 Beryllium,chromium,hafnium,rhenium Etc & Articles","South America","January 2026","5,210,397"
