"Lithium, Cobalt & Sliver 3"
"Current date: 04/10/2026 1:44 PM (Eastern Daylight Time)"
"Commodity","Country","Time","Customs Value (Gen) ($US)",
"2525 Mica, Including Splittings; Mica Waste","South America","2012","4,663"
"2525 Mica, Including Splittings; Mica Waste","South America","May 2012","4,663"
"2525 Mica, Including Splittings; Mica Waste","South America","2013","30,772"
"2525 Mica, Including Splittings; Mica Waste","South America","January 2013","2,100"
"2525 Mica, Including Splittings; Mica Waste","South America","July 2013","28,672"
"2525 Mica, Including Splittings; Mica Waste","South America","2014","525,140"
"2525 Mica, Including Splittings; Mica Waste","South America","February 2014","49,190"
"2525 Mica, Including Splittings; Mica Waste","South America","March 2014","121,830"
"2525 Mica, Including Splittings; Mica Waste","South America","May 2014","72,640"
"2525 Mica, Including Splittings; Mica Waste","South America","July 2014","54,480"
"2525 Mica, Including Splittings; Mica Waste","South America","September 2014","108,960"
"2525 Mica, Including Splittings; Mica Waste","South America","November 2014","118,040"
"2525 Mica, Including Splittings; Mica Waste","South America","2015","392,130"
"2525 Mica, Including Splittings; Mica Waste","South America","March 2015","45,400"
"2525 Mica, Including Splittings; Mica Waste","South America","April 2015","72,640"
"2525 Mica, Including Splittings; Mica Waste","South America","May 2015","45,400"
"2525 Mica, Including Splittings; Mica Waste","South America","June 2015","36,320"
"2525 Mica, Including Splittings; Mica Waste","South America","July 2015","36,320"
"2525 Mica, Including Splittings; Mica Waste","South America","August 2015","65,250"
"2525 Mica, Including Splittings; Mica Waste","South America","September 2015","54,480"
"2525 Mica, Including Splittings; Mica Waste","South America","December 2015","36,320"
"2525 Mica, Including Splittings; Mica Waste","South America","2016","696,840"
"2525 Mica, Including Splittings; Mica Waste","South America","January 2016","36,320"
"2525 Mica, Including Splittings; Mica Waste","South America","March 2016","36,320"
"2525 Mica, Including Splittings; Mica Waste","South America","May 2016","123,680"
"2525 Mica, Including Splittings; Mica Waste","South America","June 2016","127,040"
"2525 Mica, Including Splittings; Mica Waste","South America","September 2016","126,120"
"2525 Mica, Including Splittings; Mica Waste","South America","October 2016","123,680"
"2525 Mica, Including Splittings; Mica Waste","South America","November 2016","123,680"
"2525 Mica, Including Splittings; Mica Waste","South America","2017","924,735"
"2525 Mica, Including Splittings; Mica Waste","South America","January 2017","263,660"
"2525 Mica, Including Splittings; Mica Waste","South America","April 2017","139,140"
"2525 Mica, Including Splittings; Mica Waste","South America","May 2017","3,200"
"2525 Mica, Including Splittings; Mica Waste","South America","June 2017","123,680"
"2525 Mica, Including Splittings; Mica Waste","South America","August 2017","123,680"
"2525 Mica, Including Splittings; Mica Waste","South America","October 2017","139,140"
"2525 Mica, Including Splittings; Mica Waste","South America","December 2017","132,235"
"2525 Mica, Including Splittings; Mica Waste","South America","2018","975,203"
"2525 Mica, Including Splittings; Mica Waste","South America","January 2018","11,600"
"2525 Mica, Including Splittings; Mica Waste","South America","February 2018","123,680"
"2525 Mica, Including Splittings; Mica Waste","South America","May 2018","75,672"
"2525 Mica, Including Splittings; Mica Waste","South America","June 2018","72,240"
"2525 Mica, Including Splittings; Mica Waste","South America","July 2018","73,440"
"2525 Mica, Including Splittings; Mica Waste","South America","August 2018","65,871"
"2525 Mica, Including Splittings; Mica Waste","South America","October 2018","11,600"
"2525 Mica, Including Splittings; Mica Waste","South America","November 2018","185,520"
"2525 Mica, Including Splittings; Mica Waste","South America","December 2018","355,580"
"2525 Mica, Including Splittings; Mica Waste","South America","2019","555,552"
"2525 Mica, Including Splittings; Mica Waste","South America","January 2019","122,098"
"2525 Mica, Including Splittings; Mica Waste","South America","February 2019","30,920"
"2525 Mica, Including Splittings; Mica Waste","South America","March 2019","42,520"
"2525 Mica, Including Splittings; Mica Waste","South America","May 2019","95,840"
"2525 Mica, Including Splittings; Mica Waste","South America","June 2019","6,058"
"2525 Mica, Including Splittings; Mica Waste","South America","July 2019","47,920"
"2525 Mica, Including Splittings; Mica Waste","South America","September 2019","47,920"
"2525 Mica, Including Splittings; Mica Waste","South America","October 2019","47,920"
"2525 Mica, Including Splittings; Mica Waste","South America","November 2019","66,436"
"2525 Mica, Including Splittings; Mica Waste","South America","December 2019","47,920"
"2525 Mica, Including Splittings; Mica Waste","South America","2020","644,828"
"2525 Mica, Including Splittings; Mica Waste","South America","January 2020","63,156"
"2525 Mica, Including Splittings; Mica Waste","South America","March 2020","64,360"
"2525 Mica, Including Splittings; Mica Waste","South America","May 2020","119,520"
"2525 Mica, Including Splittings; Mica Waste","South America","June 2020","3,458"
"2525 Mica, Including Splittings; Mica Waste","South America","July 2020","2,600"
"2525 Mica, Including Splittings; Mica Waste","South America","August 2020","6,916"
"2525 Mica, Including Splittings; Mica Waste","South America","September 2020","94,840"
"2525 Mica, Including Splittings; Mica Waste","South America","October 2020","78,158"
"2525 Mica, Including Splittings; Mica Waste","South America","November 2020","74,420"
"2525 Mica, Including Splittings; Mica Waste","South America","December 2020","137,400"
"2525 Mica, Including Splittings; Mica Waste","South America","2021","708,158"
"2525 Mica, Including Splittings; Mica Waste","South America","January 2021","70,906"
"2525 Mica, Including Splittings; Mica Waste","South America","February 2021","67,400"
"2525 Mica, Including Splittings; Mica Waste","South America","March 2021","202,200"
"2525 Mica, Including Splittings; Mica Waste","South America","May 2021","101,300"
"2525 Mica, Including Splittings; Mica Waste","South America","June 2021","3,458"
"2525 Mica, Including Splittings; Mica Waste","South America","July 2021","104,758"
"2525 Mica, Including Splittings; Mica Waste","South America","September 2021","5,824"
"2525 Mica, Including Splittings; Mica Waste","South America","October 2021","77,612"
"2525 Mica, Including Splittings; Mica Waste","South America","November 2021","74,700"
"2525 Mica, Including Splittings; Mica Waste","South America","2022","1,231,229"
"2525 Mica, Including Splittings; Mica Waste","South America","January 2022","85,017"
"2525 Mica, Including Splittings; Mica Waste","South America","February 2022","155,224"
"2525 Mica, Including Splittings; Mica Waste","South America","March 2022","10,326"
"2525 Mica, Including Splittings; Mica Waste","South America","May 2022","88,532"
"2525 Mica, Including Splittings; Mica Waste","South America","June 2022","7,358"
"2525 Mica, Including Splittings; Mica Waste","South America","July 2022","174,432"
"2525 Mica, Including Splittings; Mica Waste","South America","August 2022","10,374"
"2525 Mica, Including Splittings; Mica Waste","South America","October 2022","178,716"
"2525 Mica, Including Splittings; Mica Waste","South America","November 2022","171,800"
"2525 Mica, Including Splittings; Mica Waste","South America","December 2022","349,450"
"2525 Mica, Including Splittings; Mica Waste","South America","2023","1,061,921"
"2525 Mica, Including Splittings; Mica Waste","South America","January 2023","242,177"
"2525 Mica, Including Splittings; Mica Waste","South America","February 2023","108,930"
"2525 Mica, Including Splittings; Mica Waste","South America","March 2023","110,828"
"2525 Mica, Including Splittings; Mica Waste","South America","April 2023","210,034"
"2525 Mica, Including Splittings; Mica Waste","South America","May 2023","19,536"
"2525 Mica, Including Splittings; Mica Waste","South America","June 2023","103,080"
"2525 Mica, Including Splittings; Mica Waste","South America","August 2023","19,536"
"2525 Mica, Including Splittings; Mica Waste","South America","December 2023","247,800"
"2525 Mica, Including Splittings; Mica Waste","South America","2024","838,321"
"2525 Mica, Including Splittings; Mica Waste","South America","January 2024","123,900"
"2525 Mica, Including Splittings; Mica Waste","South America","February 2024","11,287"
"2525 Mica, Including Splittings; Mica Waste","South America","March 2024","123,900"
"2525 Mica, Including Splittings; Mica Waste","South America","April 2024","123,900"
"2525 Mica, Including Splittings; Mica Waste","South America","May 2024","123,900"
"2525 Mica, Including Splittings; Mica Waste","South America","July 2024","123,900"
"2525 Mica, Including Splittings; Mica Waste","South America","August 2024","22,070"
"2525 Mica, Including Splittings; Mica Waste","South America","October 2024","39,494"
"2525 Mica, Including Splittings; Mica Waste","South America","November 2024","145,970"
"2525 Mica, Including Splittings; Mica Waste","South America","2025","138,421"
"2525 Mica, Including Splittings; Mica Waste","South America","May 2025","22,690"
"2525 Mica, Including Splittings; Mica Waste","South America","August 2025","20,126"
"2525 Mica, Including Splittings; Mica Waste","South America","September 2025","27,535"
"2525 Mica, Including Splittings; Mica Waste","South America","October 2025","45,380"
"2525 Mica, Including Splittings; Mica Waste","South America","November 2025","22,690"
"2525 Mica, Including Splittings; Mica Waste","South America","February 2026","22,690"
"2525 Mica, Including Splittings; Mica Waste","South America","January 2026","2,057"
"2605 Cobalt Ores And Concentrates","South America","2013","129,960"
"2605 Cobalt Ores And Concentrates","South America","January 2013","129,960"
"2616 Precious Metal Ores And Concentrates","South America","2011","3,682,775"
"2616 Precious Metal Ores And Concentrates","South America","August 2011","957,856"
"2616 Precious Metal Ores And Concentrates","South America","September 2011","1,767,063"
"2616 Precious Metal Ores And Concentrates","South America","December 2011","957,856"
"2616 Precious Metal Ores And Concentrates","South America","2012","6,901,108"
"2616 Precious Metal Ores And Concentrates","South America","February 2012","1,262,105"
"2616 Precious Metal Ores And Concentrates","South America","May 2012","602,433"
"2616 Precious Metal Ores And Concentrates","South America","June 2012","1,103,354"
"2616 Precious Metal Ores And Concentrates","South America","July 2012","559,465"
"2616 Precious Metal Ores And Concentrates","South America","August 2012","728,415"
"2616 Precious Metal Ores And Concentrates","South America","October 2012","811,882"
"2616 Precious Metal Ores And Concentrates","South America","November 2012","976,998"
"2616 Precious Metal Ores And Concentrates","South America","December 2012","856,456"
"2616 Precious Metal Ores And Concentrates","South America","2013","2,955,979"
"2616 Precious Metal Ores And Concentrates","South America","February 2013","31,300"
"2616 Precious Metal Ores And Concentrates","South America","March 2013","10,120"
"2616 Precious Metal Ores And Concentrates","South America","April 2013","701,982"
"2616 Precious Metal Ores And Concentrates","South America","June 2013","1,588,104"
"2616 Precious Metal Ores And Concentrates","South America","September 2013","624,473"
"2616 Precious Metal Ores And Concentrates","South America","2014","177,074"
"2616 Precious Metal Ores And Concentrates","South America","February 2014","177,074"
"2616 Precious Metal Ores And Concentrates","South America","2017","64,493"
"2616 Precious Metal Ores And Concentrates","South America","August 2017","64,493"
"2616 Precious Metal Ores And Concentrates","South America","2023","442,041"
"2616 Precious Metal Ores And Concentrates","South America","January 2023","103,695"
"2616 Precious Metal Ores And Concentrates","South America","February 2023","92,484"
"2616 Precious Metal Ores And Concentrates","South America","May 2023","245,862"
"2616 Precious Metal Ores And Concentrates","South America","2025","2,794"
"2616 Precious Metal Ores And Concentrates","South America","February 2025","2,794"
"2822 Cobalt Oxide & Hydroxide; Commercial Cobalt Oxides","South America","2012","31,299"
"2822 Cobalt Oxide & Hydroxide; Commercial Cobalt Oxides","South America","August 2012","31,299"
"2822 Cobalt Oxide & Hydroxide; Commercial Cobalt Oxides","South America","2014","143,600"
"2822 Cobalt Oxide & Hydroxide; Commercial Cobalt Oxides","South America","April 2014","143,600"
"2822 Cobalt Oxide & Hydroxide; Commercial Cobalt Oxides","South America","2018","376,380"
"2822 Cobalt Oxide & Hydroxide; Commercial Cobalt Oxides","South America","August 2018","376,380"
"2822 Cobalt Oxide & Hydroxide; Commercial Cobalt Oxides","South America","2021","1,344,990"
"2822 Cobalt Oxide & Hydroxide; Commercial Cobalt Oxides","South America","February 2021","89,078"
"2822 Cobalt Oxide & Hydroxide; Commercial Cobalt Oxides","South America","March 2021","644,602"
"2822 Cobalt Oxide & Hydroxide; Commercial Cobalt Oxides","South America","September 2021","611,310"
"2822 Cobalt Oxide & Hydroxide; Commercial Cobalt Oxides","South America","2022","157,200"
"2822 Cobalt Oxide & Hydroxide; Commercial Cobalt Oxides","South America","July 2022","157,200"
"2825 Hydrazine Etc, Oth Inorg Bases; Metal Oxides Etc","South America","2010","50,390,501"
"2825 Hydrazine Etc, Oth Inorg Bases; Metal Oxides Etc","South America","January 2010","1,232,421"
"2825 Hydrazine Etc, Oth Inorg Bases; Metal Oxides Etc","South America","February 2010","1,022,460"
"2825 Hydrazine Etc, Oth Inorg Bases; Metal Oxides Etc","South America","March 2010","5,780,874"
"2825 Hydrazine Etc, Oth Inorg Bases; Metal Oxides Etc","South America","April 2010","3,019,937"
"2825 Hydrazine Etc, Oth Inorg Bases; Metal Oxides Etc","South America","May 2010","4,524,581"
"2825 Hydrazine Etc, Oth Inorg Bases; Metal Oxides Etc","South America","June 2010","4,380,357"
"2825 Hydrazine Etc, Oth Inorg Bases; Metal Oxides Etc","South America","July 2010","7,501,922"
"2825 Hydrazine Etc, Oth Inorg Bases; Metal Oxides Etc","South America","August 2010","3,292,321"
"2825 Hydrazine Etc, Oth Inorg Bases; Metal Oxides Etc","South America","September 2010","5,005,489"
"2825 Hydrazine Etc, Oth Inorg Bases; Metal Oxides Etc","South America","October 2010","6,828,639"
"2825 Hydrazine Etc, Oth Inorg Bases; Metal Oxides Etc","South America","November 2010","2,743,362"
"2825 Hydrazine Etc, Oth Inorg Bases; Metal Oxides Etc","South America","December 2010","5,058,138"
"2825 Hydrazine Etc, Oth Inorg Bases; Metal Oxides Etc","South America","2011","75,615,108"
"2825 Hydrazine Etc, Oth Inorg Bases; Metal Oxides Etc","South America","January 2011","3,229,360"
"2825 Hydrazine Etc, Oth Inorg Bases; Metal Oxides Etc","South America","February 2011","3,245,985"
"2825 Hydrazine Etc, Oth Inorg Bases; Metal Oxides Etc","South America","March 2011","6,189,871"
"2825 Hydrazine Etc, Oth Inorg Bases; Metal Oxides Etc","South America","April 2011","7,848,189"
"2825 Hydrazine Etc, Oth Inorg Bases; Metal Oxides Etc","South America","May 2011","4,748,379"
"2825 Hydrazine Etc, Oth Inorg Bases; Metal Oxides Etc","South America","June 2011","8,428,190"
"2825 Hydrazine Etc, Oth Inorg Bases; Metal Oxides Etc","South America","July 2011","7,944,558"
"2825 Hydrazine Etc, Oth Inorg Bases; Metal Oxides Etc","South America","August 2011","4,790,947"
"2825 Hydrazine Etc, Oth Inorg Bases; Metal Oxides Etc","South America","September 2011","7,138,277"
"2825 Hydrazine Etc, Oth Inorg Bases; Metal Oxides Etc","South America","October 2011","8,664,150"
"2825 Hydrazine Etc, Oth Inorg Bases; Metal Oxides Etc","South America","November 2011","9,024,869"
"2825 Hydrazine Etc, Oth Inorg Bases; Metal Oxides Etc","South America","December 2011","4,362,333"
"2825 Hydrazine Etc, Oth Inorg Bases; Metal Oxides Etc","South America","2012","101,250,472"
"2825 Hydrazine Etc, Oth Inorg Bases; Metal Oxides Etc","South America","January 2012","9,638,746"
"2825 Hydrazine Etc, Oth Inorg Bases; Metal Oxides Etc","South America","February 2012","6,445,072"
"2825 Hydrazine Etc, Oth Inorg Bases; Metal Oxides Etc","South America","March 2012","7,960,650"
"2825 Hydrazine Etc, Oth Inorg Bases; Metal Oxides Etc","South America","April 2012","7,192,887"
"2825 Hydrazine Etc, Oth Inorg Bases; Metal Oxides Etc","South America","May 2012","11,285,821"
"2825 Hydrazine Etc, Oth Inorg Bases; Metal Oxides Etc","South America","June 2012","8,429,102"
"2825 Hydrazine Etc, Oth Inorg Bases; Metal Oxides Etc","South America","July 2012","7,697,421"
"2825 Hydrazine Etc, Oth Inorg Bases; Metal Oxides Etc","South America","August 2012","8,108,271"
"2825 Hydrazine Etc, Oth Inorg Bases; Metal Oxides Etc","South America","September 2012","9,945,554"
"2825 Hydrazine Etc, Oth Inorg Bases; Metal Oxides Etc","South America","October 2012","6,277,346"
"2825 Hydrazine Etc, Oth Inorg Bases; Metal Oxides Etc","South America","November 2012","9,536,559"
"2825 Hydrazine Etc, Oth Inorg Bases; Metal Oxides Etc","South America","December 2012","8,733,043"
"2825 Hydrazine Etc, Oth Inorg Bases; Metal Oxides Etc","South America","2013","89,444,661"
"2825 Hydrazine Etc, Oth Inorg Bases; Metal Oxides Etc","South America","January 2013","9,981,858"
"2825 Hydrazine Etc, Oth Inorg Bases; Metal Oxides Etc","South America","February 2013","8,003,496"
"2825 Hydrazine Etc, Oth Inorg Bases; Metal Oxides Etc","South America","March 2013","8,395,149"
"2825 Hydrazine Etc, Oth Inorg Bases; Metal Oxides Etc","South America","April 2013","5,650,152"
"2825 Hydrazine Etc, Oth Inorg Bases; Metal Oxides Etc","South America","May 2013","11,169,099"
"2825 Hydrazine Etc, Oth Inorg Bases; Metal Oxides Etc","South America","June 2013","13,063,681"
"2825 Hydrazine Etc, Oth Inorg Bases; Metal Oxides Etc","South America","July 2013","9,137,679"
"2825 Hydrazine Etc, Oth Inorg Bases; Metal Oxides Etc","South America","August 2013","6,107,394"
"2825 Hydrazine Etc, Oth Inorg Bases; Metal Oxides Etc","South America","September 2013","4,109,542"
"2825 Hydrazine Etc, Oth Inorg Bases; Metal Oxides Etc","South America","October 2013","3,647,261"
"2825 Hydrazine Etc, Oth Inorg Bases; Metal Oxides Etc","South America","November 2013","5,591,734"
"2825 Hydrazine Etc, Oth Inorg Bases; Metal Oxides Etc","South America","December 2013","4,587,616"
"2825 Hydrazine Etc, Oth Inorg Bases; Metal Oxides Etc","South America","2014","64,235,771"
"2825 Hydrazine Etc, Oth Inorg Bases; Metal Oxides Etc","South America","January 2014","10,958,499"
"2825 Hydrazine Etc, Oth Inorg Bases; Metal Oxides Etc","South America","February 2014","3,680,551"
"2825 Hydrazine Etc, Oth Inorg Bases; Metal Oxides Etc","South America","March 2014","6,781,972"
"2825 Hydrazine Etc, Oth Inorg Bases; Metal Oxides Etc","South America","April 2014","5,273,157"
"2825 Hydrazine Etc, Oth Inorg Bases; Metal Oxides Etc","South America","May 2014","4,304,157"
"2825 Hydrazine Etc, Oth Inorg Bases; Metal Oxides Etc","South America","June 2014","2,996,563"
"2825 Hydrazine Etc, Oth Inorg Bases; Metal Oxides Etc","South America","July 2014","3,887,590"
"2825 Hydrazine Etc, Oth Inorg Bases; Metal Oxides Etc","South America","August 2014","6,016,673"
"2825 Hydrazine Etc, Oth Inorg Bases; Metal Oxides Etc","South America","September 2014","2,354,085"
"2825 Hydrazine Etc, Oth Inorg Bases; Metal Oxides Etc","South America","October 2014","4,839,035"
"2825 Hydrazine Etc, Oth Inorg Bases; Metal Oxides Etc","South America","November 2014","5,464,589"
"2825 Hydrazine Etc, Oth Inorg Bases; Metal Oxides Etc","South America","December 2014","7,678,900"
"2825 Hydrazine Etc, Oth Inorg Bases; Metal Oxides Etc","South America","2015","63,500,066"
"2825 Hydrazine Etc, Oth Inorg Bases; Metal Oxides Etc","South America","January 2015","10,741,544"
"2825 Hydrazine Etc, Oth Inorg Bases; Metal Oxides Etc","South America","February 2015","3,842,815"
"2825 Hydrazine Etc, Oth Inorg Bases; Metal Oxides Etc","South America","March 2015","4,331,967"
"2825 Hydrazine Etc, Oth Inorg Bases; Metal Oxides Etc","South America","April 2015","6,352,172"
"2825 Hydrazine Etc, Oth Inorg Bases; Metal Oxides Etc","South America","May 2015","6,189,056"
"2825 Hydrazine Etc, Oth Inorg Bases; Metal Oxides Etc","South America","June 2015","6,692,435"
"2825 Hydrazine Etc, Oth Inorg Bases; Metal Oxides Etc","South America","July 2015","3,121,158"
"2825 Hydrazine Etc, Oth Inorg Bases; Metal Oxides Etc","South America","August 2015","3,390,852"
"2825 Hydrazine Etc, Oth Inorg Bases; Metal Oxides Etc","South America","September 2015","6,493,858"
"2825 Hydrazine Etc, Oth Inorg Bases; Metal Oxides Etc","South America","October 2015","5,073,422"
"2825 Hydrazine Etc, Oth Inorg Bases; Metal Oxides Etc","South America","November 2015","4,530,794"
"2825 Hydrazine Etc, Oth Inorg Bases; Metal Oxides Etc","South America","December 2015","2,739,993"
"2825 Hydrazine Etc, Oth Inorg Bases; Metal Oxides Etc","South America","2016","68,145,851"
"2825 Hydrazine Etc, Oth Inorg Bases; Metal Oxides Etc","South America","January 2016","6,035,717"
"2825 Hydrazine Etc, Oth Inorg Bases; Metal Oxides Etc","South America","February 2016","3,696,102"
"2825 Hydrazine Etc, Oth Inorg Bases; Metal Oxides Etc","South America","March 2016","6,970,491"
"2825 Hydrazine Etc, Oth Inorg Bases; Metal Oxides Etc","South America","April 2016","4,294,673"
"2825 Hydrazine Etc, Oth Inorg Bases; Metal Oxides Etc","South America","May 2016","5,461,216"
"2825 Hydrazine Etc, Oth Inorg Bases; Metal Oxides Etc","South America","June 2016","7,898,473"
"2825 Hydrazine Etc, Oth Inorg Bases; Metal Oxides Etc","South America","July 2016","3,941,170"
"2825 Hydrazine Etc, Oth Inorg Bases; Metal Oxides Etc","South America","August 2016","5,150,588"
"2825 Hydrazine Etc, Oth Inorg Bases; Metal Oxides Etc","South America","September 2016","7,992,130"
"2825 Hydrazine Etc, Oth Inorg Bases; Metal Oxides Etc","South America","October 2016","4,506,130"
"2825 Hydrazine Etc, Oth Inorg Bases; Metal Oxides Etc","South America","November 2016","5,233,170"
"2825 Hydrazine Etc, Oth Inorg Bases; Metal Oxides Etc","South America","December 2016","6,965,991"
"2825 Hydrazine Etc, Oth Inorg Bases; Metal Oxides Etc","South America","2017","80,834,667"
"2825 Hydrazine Etc, Oth Inorg Bases; Metal Oxides Etc","South America","January 2017","4,721,838"
"2825 Hydrazine Etc, Oth Inorg Bases; Metal Oxides Etc","South America","February 2017","3,822,470"
"2825 Hydrazine Etc, Oth Inorg Bases; Metal Oxides Etc","South America","March 2017","6,296,279"
"2825 Hydrazine Etc, Oth Inorg Bases; Metal Oxides Etc","South America","April 2017","5,563,611"
"2825 Hydrazine Etc, Oth Inorg Bases; Metal Oxides Etc","South America","May 2017","5,943,163"
"2825 Hydrazine Etc, Oth Inorg Bases; Metal Oxides Etc","South America","June 2017","5,443,856"
"2825 Hydrazine Etc, Oth Inorg Bases; Metal Oxides Etc","South America","July 2017","7,422,014"
"2825 Hydrazine Etc, Oth Inorg Bases; Metal Oxides Etc","South America","August 2017","7,693,553"
"2825 Hydrazine Etc, Oth Inorg Bases; Metal Oxides Etc","South America","September 2017","10,050,600"
"2825 Hydrazine Etc, Oth Inorg Bases; Metal Oxides Etc","South America","October 2017","7,326,285"
"2825 Hydrazine Etc, Oth Inorg Bases; Metal Oxides Etc","South America","November 2017","7,451,165"
"2825 Hydrazine Etc, Oth Inorg Bases; Metal Oxides Etc","South America","December 2017","9,099,833"
"2825 Hydrazine Etc, Oth Inorg Bases; Metal Oxides Etc","South America","2018","199,119,314"
"2825 Hydrazine Etc, Oth Inorg Bases; Metal Oxides Etc","South America","January 2018","8,814,690"
"2825 Hydrazine Etc, Oth Inorg Bases; Metal Oxides Etc","South America","February 2018","12,201,942"
"2825 Hydrazine Etc, Oth Inorg Bases; Metal Oxides Etc","South America","March 2018","15,991,814"
"2825 Hydrazine Etc, Oth Inorg Bases; Metal Oxides Etc","South America","April 2018","13,880,884"
"2825 Hydrazine Etc, Oth Inorg Bases; Metal Oxides Etc","South America","May 2018","21,003,059"
"2825 Hydrazine Etc, Oth Inorg Bases; Metal Oxides Etc","South America","June 2018","6,624,237"
"2825 Hydrazine Etc, Oth Inorg Bases; Metal Oxides Etc","South America","July 2018","30,332,634"
"2825 Hydrazine Etc, Oth Inorg Bases; Metal Oxides Etc","South America","August 2018","17,605,516"
"2825 Hydrazine Etc, Oth Inorg Bases; Metal Oxides Etc","South America","September 2018","8,440,338"
"2825 Hydrazine Etc, Oth Inorg Bases; Metal Oxides Etc","South America","October 2018","24,871,210"
"2825 Hydrazine Etc, Oth Inorg Bases; Metal Oxides Etc","South America","November 2018","20,740,921"
"2825 Hydrazine Etc, Oth Inorg Bases; Metal Oxides Etc","South America","December 2018","18,612,069"
"2825 Hydrazine Etc, Oth Inorg Bases; Metal Oxides Etc","South America","2019","148,970,797"
"2825 Hydrazine Etc, Oth Inorg Bases; Metal Oxides Etc","South America","January 2019","25,159,655"
"2825 Hydrazine Etc, Oth Inorg Bases; Metal Oxides Etc","South America","February 2019","13,033,498"
"2825 Hydrazine Etc, Oth Inorg Bases; Metal Oxides Etc","South America","March 2019","17,533,338"
"2825 Hydrazine Etc, Oth Inorg Bases; Metal Oxides Etc","South America","April 2019","15,480,030"
"2825 Hydrazine Etc, Oth Inorg Bases; Metal Oxides Etc","South America","May 2019","9,806,498"
"2825 Hydrazine Etc, Oth Inorg Bases; Metal Oxides Etc","South America","June 2019","15,705,988"
"2825 Hydrazine Etc, Oth Inorg Bases; Metal Oxides Etc","South America","July 2019","15,380,645"
"2825 Hydrazine Etc, Oth Inorg Bases; Metal Oxides Etc","South America","August 2019","6,508,714"
"2825 Hydrazine Etc, Oth Inorg Bases; Metal Oxides Etc","South America","September 2019","9,480,901"
"2825 Hydrazine Etc, Oth Inorg Bases; Metal Oxides Etc","South America","October 2019","5,448,351"
"2825 Hydrazine Etc, Oth Inorg Bases; Metal Oxides Etc","South America","November 2019","7,445,254"
"2825 Hydrazine Etc, Oth Inorg Bases; Metal Oxides Etc","South America","December 2019","7,987,925"
"2825 Hydrazine Etc, Oth Inorg Bases; Metal Oxides Etc","South America","2020","89,300,234"
"2825 Hydrazine Etc, Oth Inorg Bases; Metal Oxides Etc","South America","January 2020","10,665,712"
"2825 Hydrazine Etc, Oth Inorg Bases; Metal Oxides Etc","South America","February 2020","10,696,460"
"2825 Hydrazine Etc, Oth Inorg Bases; Metal Oxides Etc","South America","March 2020","15,078,388"
"2825 Hydrazine Etc, Oth Inorg Bases; Metal Oxides Etc","South America","April 2020","9,735,597"
"2825 Hydrazine Etc, Oth Inorg Bases; Metal Oxides Etc","South America","May 2020","8,441,122"
"2825 Hydrazine Etc, Oth Inorg Bases; Metal Oxides Etc","South America","June 2020","4,818,492"
"2825 Hydrazine Etc, Oth Inorg Bases; Metal Oxides Etc","South America","July 2020","4,142,662"
"2825 Hydrazine Etc, Oth Inorg Bases; Metal Oxides Etc","South America","August 2020","5,290,407"
"2825 Hydrazine Etc, Oth Inorg Bases; Metal Oxides Etc","South America","September 2020","6,847,137"
"2825 Hydrazine Etc, Oth Inorg Bases; Metal Oxides Etc","South America","October 2020","1,902,879"
"2825 Hydrazine Etc, Oth Inorg Bases; Metal Oxides Etc","South America","November 2020","7,514,192"
"2825 Hydrazine Etc, Oth Inorg Bases; Metal Oxides Etc","South America","December 2020","4,167,186"
"2825 Hydrazine Etc, Oth Inorg Bases; Metal Oxides Etc","South America","2021","143,238,112"
"2825 Hydrazine Etc, Oth Inorg Bases; Metal Oxides Etc","South America","January 2021","9,119,184"
"2825 Hydrazine Etc, Oth Inorg Bases; Metal Oxides Etc","South America","February 2021","8,416,755"
"2825 Hydrazine Etc, Oth Inorg Bases; Metal Oxides Etc","South America","March 2021","7,474,155"
"2825 Hydrazine Etc, Oth Inorg Bases; Metal Oxides Etc","South America","April 2021","8,596,317"
"2825 Hydrazine Etc, Oth Inorg Bases; Metal Oxides Etc","South America","May 2021","14,729,070"
"2825 Hydrazine Etc, Oth Inorg Bases; Metal Oxides Etc","South America","June 2021","10,732,629"
"2825 Hydrazine Etc, Oth Inorg Bases; Metal Oxides Etc","South America","July 2021","11,456,337"
"2825 Hydrazine Etc, Oth Inorg Bases; Metal Oxides Etc","South America","August 2021","12,350,752"
"2825 Hydrazine Etc, Oth Inorg Bases; Metal Oxides Etc","South America","September 2021","7,588,775"
"2825 Hydrazine Etc, Oth Inorg Bases; Metal Oxides Etc","South America","October 2021","15,222,027"
"2825 Hydrazine Etc, Oth Inorg Bases; Metal Oxides Etc","South America","November 2021","20,712,915"
"2825 Hydrazine Etc, Oth Inorg Bases; Metal Oxides Etc","South America","December 2021","16,839,196"
"2825 Hydrazine Etc, Oth Inorg Bases; Metal Oxides Etc","South America","2022","194,530,969"
"2825 Hydrazine Etc, Oth Inorg Bases; Metal Oxides Etc","South America","January 2022","16,251,178"
"2825 Hydrazine Etc, Oth Inorg Bases; Metal Oxides Etc","South America","February 2022","13,288,895"
"2825 Hydrazine Etc, Oth Inorg Bases; Metal Oxides Etc","South America","March 2022","18,020,404"
"2825 Hydrazine Etc, Oth Inorg Bases; Metal Oxides Etc","South America","April 2022","14,166,530"
"2825 Hydrazine Etc, Oth Inorg Bases; Metal Oxides Etc","South America","May 2022","16,785,122"
"2825 Hydrazine Etc, Oth Inorg Bases; Metal Oxides Etc","South America","June 2022","26,638,875"
"2825 Hydrazine Etc, Oth Inorg Bases; Metal Oxides Etc","South America","July 2022","16,200,353"
"2825 Hydrazine Etc, Oth Inorg Bases; Metal Oxides Etc","South America","August 2022","11,517,936"
"2825 Hydrazine Etc, Oth Inorg Bases; Metal Oxides Etc","South America","September 2022","10,880,007"
"2825 Hydrazine Etc, Oth Inorg Bases; Metal Oxides Etc","South America","October 2022","20,160,330"
"2825 Hydrazine Etc, Oth Inorg Bases; Metal Oxides Etc","South America","November 2022","11,720,158"
"2825 Hydrazine Etc, Oth Inorg Bases; Metal Oxides Etc","South America","December 2022","18,901,181"
"2825 Hydrazine Etc, Oth Inorg Bases; Metal Oxides Etc","South America","2023","304,765,685"
"2825 Hydrazine Etc, Oth Inorg Bases; Metal Oxides Etc","South America","January 2023","26,446,171"
"2825 Hydrazine Etc, Oth Inorg Bases; Metal Oxides Etc","South America","February 2023","28,197,882"
"2825 Hydrazine Etc, Oth Inorg Bases; Metal Oxides Etc","South America","March 2023","30,353,593"
"2825 Hydrazine Etc, Oth Inorg Bases; Metal Oxides Etc","South America","April 2023","25,673,943"
"2825 Hydrazine Etc, Oth Inorg Bases; Metal Oxides Etc","South America","May 2023","20,518,309"
"2825 Hydrazine Etc, Oth Inorg Bases; Metal Oxides Etc","South America","June 2023","25,652,989"
"2825 Hydrazine Etc, Oth Inorg Bases; Metal Oxides Etc","South America","July 2023","32,181,253"
"2825 Hydrazine Etc, Oth Inorg Bases; Metal Oxides Etc","South America","August 2023","19,336,550"
"2825 Hydrazine Etc, Oth Inorg Bases; Metal Oxides Etc","South America","September 2023","17,506,272"
"2825 Hydrazine Etc, Oth Inorg Bases; Metal Oxides Etc","South America","October 2023","37,537,264"
"2825 Hydrazine Etc, Oth Inorg Bases; Metal Oxides Etc","South America","November 2023","21,327,755"
"2825 Hydrazine Etc, Oth Inorg Bases; Metal Oxides Etc","South America","December 2023","20,033,704"
"2825 Hydrazine Etc, Oth Inorg Bases; Metal Oxides Etc","South America","2024","209,017,479"
"2825 Hydrazine Etc, Oth Inorg Bases; Metal Oxides Etc","South America","January 2024","16,824,776"
"2825 Hydrazine Etc, Oth Inorg Bases; Metal Oxides Etc","South America","February 2024","10,999,488"
"2825 Hydrazine Etc, Oth Inorg Bases; Metal Oxides Etc","South America","March 2024","20,433,686"
"2825 Hydrazine Etc, Oth Inorg Bases; Metal Oxides Etc","South America","April 2024","16,319,100"
"2825 Hydrazine Etc, Oth Inorg Bases; Metal Oxides Etc","South America","May 2024","17,319,672"
"2825 Hydrazine Etc, Oth Inorg Bases; Metal Oxides Etc","South America","June 2024","21,051,937"
"2825 Hydrazine Etc, Oth Inorg Bases; Metal Oxides Etc","South America","July 2024","15,714,398"
"2825 Hydrazine Etc, Oth Inorg Bases; Metal Oxides Etc","South America","August 2024","29,604,779"
"2825 Hydrazine Etc, Oth Inorg Bases; Metal Oxides Etc","South America","September 2024","13,541,088"
"2825 Hydrazine Etc, Oth Inorg Bases; Metal Oxides Etc","South America","October 2024","14,850,401"
"2825 Hydrazine Etc, Oth Inorg Bases; Metal Oxides Etc","South America","November 2024","10,001,401"
"2825 Hydrazine Etc, Oth Inorg Bases; Metal Oxides Etc","South America","December 2024","22,356,753"
"2825 Hydrazine Etc, Oth Inorg Bases; Metal Oxides Etc","South America","2025","174,025,795"
"2825 Hydrazine Etc, Oth Inorg Bases; Metal Oxides Etc","South America","January 2025","27,157,302"
"2825 Hydrazine Etc, Oth Inorg Bases; Metal Oxides Etc","South America","February 2025","18,053,635"
"2825 Hydrazine Etc, Oth Inorg Bases; Metal Oxides Etc","South America","March 2025","15,908,036"
"2825 Hydrazine Etc, Oth Inorg Bases; Metal Oxides Etc","South America","April 2025","10,920,204"
"2825 Hydrazine Etc, Oth Inorg Bases; Metal Oxides Etc","South America","May 2025","14,805,817"
"2825 Hydrazine Etc, Oth Inorg Bases; Metal Oxides Etc","South America","June 2025","15,408,954"
"2825 Hydrazine Etc, Oth Inorg Bases; Metal Oxides Etc","South America","July 2025","12,394,720"
"2825 Hydrazine Etc, Oth Inorg Bases; Metal Oxides Etc","South America","August 2025","13,261,141"
"2825 Hydrazine Etc, Oth Inorg Bases; Metal Oxides Etc","South America","September 2025","15,023,075"
"2825 Hydrazine Etc, Oth Inorg Bases; Metal Oxides Etc","South America","October 2025","8,459,108"
"2825 Hydrazine Etc, Oth Inorg Bases; Metal Oxides Etc","South America","November 2025","10,065,737"
"2825 Hydrazine Etc, Oth Inorg Bases; Metal Oxides Etc","South America","December 2025","12,568,066"
"2825 Hydrazine Etc, Oth Inorg Bases; Metal Oxides Etc","South America","February 2026","7,911,979"
"2825 Hydrazine Etc, Oth Inorg Bases; Metal Oxides Etc","South America","January 2026","7,964,837"
"2841 Salts Of Oxometallic Or Peroxometallic Acids","South America","2010","16,426,396"
"2841 Salts Of Oxometallic Or Peroxometallic Acids","South America","January 2010","1,527,393"
"2841 Salts Of Oxometallic Or Peroxometallic Acids","South America","February 2010","884,496"
"2841 Salts Of Oxometallic Or Peroxometallic Acids","South America","March 2010","1,466,752"
"2841 Salts Of Oxometallic Or Peroxometallic Acids","South America","April 2010","2,853,684"
"2841 Salts Of Oxometallic Or Peroxometallic Acids","South America","May 2010","524,025"
"2841 Salts Of Oxometallic Or Peroxometallic Acids","South America","June 2010","2,007,036"
"2841 Salts Of Oxometallic Or Peroxometallic Acids","South America","July 2010","2,121,292"
"2841 Salts Of Oxometallic Or Peroxometallic Acids","South America","August 2010","1,119,286"
"2841 Salts Of Oxometallic Or Peroxometallic Acids","South America","September 2010","3,367,621"
"2841 Salts Of Oxometallic Or Peroxometallic Acids","South America","October 2010","89,862"
"2841 Salts Of Oxometallic Or Peroxometallic Acids","South America","November 2010","17,000"
"2841 Salts Of Oxometallic Or Peroxometallic Acids","South America","December 2010","447,949"
"2841 Salts Of Oxometallic Or Peroxometallic Acids","South America","2011","16,062,977"
"2841 Salts Of Oxometallic Or Peroxometallic Acids","South America","January 2011","481,114"
"2841 Salts Of Oxometallic Or Peroxometallic Acids","South America","February 2011","18,000"
"2841 Salts Of Oxometallic Or Peroxometallic Acids","South America","March 2011","5,420,526"
"2841 Salts Of Oxometallic Or Peroxometallic Acids","South America","April 2011","1,900,509"
"2841 Salts Of Oxometallic Or Peroxometallic Acids","South America","May 2011","5,100"
"2841 Salts Of Oxometallic Or Peroxometallic Acids","South America","June 2011","2,794,320"
"2841 Salts Of Oxometallic Or Peroxometallic Acids","South America","July 2011","1,279,395"
"2841 Salts Of Oxometallic Or Peroxometallic Acids","South America","August 2011","846,842"
"2841 Salts Of Oxometallic Or Peroxometallic Acids","South America","September 2011","901,737"
"2841 Salts Of Oxometallic Or Peroxometallic Acids","South America","October 2011","28,056"
"2841 Salts Of Oxometallic Or Peroxometallic Acids","South America","November 2011","1,200,062"
"2841 Salts Of Oxometallic Or Peroxometallic Acids","South America","December 2011","1,187,316"
"2841 Salts Of Oxometallic Or Peroxometallic Acids","South America","2012","9,816,603"
"2841 Salts Of Oxometallic Or Peroxometallic Acids","South America","January 2012","93,504"
"2841 Salts Of Oxometallic Or Peroxometallic Acids","South America","February 2012","1,129,210"
"2841 Salts Of Oxometallic Or Peroxometallic Acids","South America","March 2012","1,683,155"
"2841 Salts Of Oxometallic Or Peroxometallic Acids","South America","April 2012","811,777"
"2841 Salts Of Oxometallic Or Peroxometallic Acids","South America","May 2012","830,108"
"2841 Salts Of Oxometallic Or Peroxometallic Acids","South America","June 2012","908,394"
"2841 Salts Of Oxometallic Or Peroxometallic Acids","South America","July 2012","400,894"
"2841 Salts Of Oxometallic Or Peroxometallic Acids","South America","August 2012","783,344"
"2841 Salts Of Oxometallic Or Peroxometallic Acids","South America","September 2012","1,038,102"
"2841 Salts Of Oxometallic Or Peroxometallic Acids","South America","October 2012","1,067,145"
"2841 Salts Of Oxometallic Or Peroxometallic Acids","South America","November 2012","74,254"
"2841 Salts Of Oxometallic Or Peroxometallic Acids","South America","December 2012","996,716"
"2841 Salts Of Oxometallic Or Peroxometallic Acids","South America","2013","6,140,413"
"2841 Salts Of Oxometallic Or Peroxometallic Acids","South America","February 2013","716,163"
"2841 Salts Of Oxometallic Or Peroxometallic Acids","South America","March 2013","1,326,334"
"2841 Salts Of Oxometallic Or Peroxometallic Acids","South America","April 2013","1,308,453"
"2841 Salts Of Oxometallic Or Peroxometallic Acids","South America","May 2013","788,082"
"2841 Salts Of Oxometallic Or Peroxometallic Acids","South America","June 2013","667,147"
"2841 Salts Of Oxometallic Or Peroxometallic Acids","South America","July 2013","19,600"
"2841 Salts Of Oxometallic Or Peroxometallic Acids","South America","August 2013","14,850"
"2841 Salts Of Oxometallic Or Peroxometallic Acids","South America","September 2013","4,750"
"2841 Salts Of Oxometallic Or Peroxometallic Acids","South America","October 2013","601,454"
"2841 Salts Of Oxometallic Or Peroxometallic Acids","South America","November 2013","668,830"
"2841 Salts Of Oxometallic Or Peroxometallic Acids","South America","December 2013","24,750"
"2841 Salts Of Oxometallic Or Peroxometallic Acids","South America","2014","16,329,948"
"2841 Salts Of Oxometallic Or Peroxometallic Acids","South America","January 2014","886,228"
"2841 Salts Of Oxometallic Or Peroxometallic Acids","South America","February 2014","1,155,206"
"2841 Salts Of Oxometallic Or Peroxometallic Acids","South America","March 2014","926,525"
"2841 Salts Of Oxometallic Or Peroxometallic Acids","South America","April 2014","18,040"
"2841 Salts Of Oxometallic Or Peroxometallic Acids","South America","May 2014","2,756,003"
"2841 Salts Of Oxometallic Or Peroxometallic Acids","South America","June 2014","1,645,769"
"2841 Salts Of Oxometallic Or Peroxometallic Acids","South America","July 2014","1,625,913"
"2841 Salts Of Oxometallic Or Peroxometallic Acids","South America","August 2014","1,139,021"
"2841 Salts Of Oxometallic Or Peroxometallic Acids","South America","September 2014","3,726,416"
"2841 Salts Of Oxometallic Or Peroxometallic Acids","South America","October 2014","1,549,292"
"2841 Salts Of Oxometallic Or Peroxometallic Acids","South America","November 2014","888,195"
"2841 Salts Of Oxometallic Or Peroxometallic Acids","South America","December 2014","13,340"
"2841 Salts Of Oxometallic Or Peroxometallic Acids","South America","2015","5,696,079"
"2841 Salts Of Oxometallic Or Peroxometallic Acids","South America","January 2015","26,460"
"2841 Salts Of Oxometallic Or Peroxometallic Acids","South America","February 2015","12,890"
"2841 Salts Of Oxometallic Or Peroxometallic Acids","South America","March 2015","7,813"
"2841 Salts Of Oxometallic Or Peroxometallic Acids","South America","April 2015","517,443"
"2841 Salts Of Oxometallic Or Peroxometallic Acids","South America","May 2015","754,045"
"2841 Salts Of Oxometallic Or Peroxometallic Acids","South America","June 2015","235,901"
"2841 Salts Of Oxometallic Or Peroxometallic Acids","South America","July 2015","666,804"
"2841 Salts Of Oxometallic Or Peroxometallic Acids","South America","August 2015","737,453"
"2841 Salts Of Oxometallic Or Peroxometallic Acids","South America","September 2015","320,957"
"2841 Salts Of Oxometallic Or Peroxometallic Acids","South America","October 2015","621,306"
"2841 Salts Of Oxometallic Or Peroxometallic Acids","South America","November 2015","1,445,973"
"2841 Salts Of Oxometallic Or Peroxometallic Acids","South America","December 2015","349,034"
"2841 Salts Of Oxometallic Or Peroxometallic Acids","South America","2016","13,664,554"
"2841 Salts Of Oxometallic Or Peroxometallic Acids","South America","January 2016","787,541"
"2841 Salts Of Oxometallic Or Peroxometallic Acids","South America","February 2016","787,867"
"2841 Salts Of Oxometallic Or Peroxometallic Acids","South America","March 2016","786,185"
"2841 Salts Of Oxometallic Or Peroxometallic Acids","South America","April 2016","1,561,371"
"2841 Salts Of Oxometallic Or Peroxometallic Acids","South America","May 2016","1,234,067"
"2841 Salts Of Oxometallic Or Peroxometallic Acids","South America","June 2016","1,849,013"
"2841 Salts Of Oxometallic Or Peroxometallic Acids","South America","July 2016","793,577"
"2841 Salts Of Oxometallic Or Peroxometallic Acids","South America","August 2016","931,589"
"2841 Salts Of Oxometallic Or Peroxometallic Acids","South America","September 2016","1,773,706"
"2841 Salts Of Oxometallic Or Peroxometallic Acids","South America","October 2016","1,212,333"
"2841 Salts Of Oxometallic Or Peroxometallic Acids","South America","November 2016","1,196,260"
"2841 Salts Of Oxometallic Or Peroxometallic Acids","South America","December 2016","751,045"
"2841 Salts Of Oxometallic Or Peroxometallic Acids","South America","2017","17,966,814"
"2841 Salts Of Oxometallic Or Peroxometallic Acids","South America","January 2017","703,524"
"2841 Salts Of Oxometallic Or Peroxometallic Acids","South America","February 2017","1,402,962"
"2841 Salts Of Oxometallic Or Peroxometallic Acids","South America","March 2017","763,887"
"2841 Salts Of Oxometallic Or Peroxometallic Acids","South America","April 2017","2,712,005"
"2841 Salts Of Oxometallic Or Peroxometallic Acids","South America","May 2017","1,958,816"
"2841 Salts Of Oxometallic Or Peroxometallic Acids","South America","June 2017","559,141"
"2841 Salts Of Oxometallic Or Peroxometallic Acids","South America","July 2017","2,404,677"
"2841 Salts Of Oxometallic Or Peroxometallic Acids","South America","August 2017","1,333,925"
"2841 Salts Of Oxometallic Or Peroxometallic Acids","South America","September 2017","1,358,241"
"2841 Salts Of Oxometallic Or Peroxometallic Acids","South America","October 2017","2,195,582"
"2841 Salts Of Oxometallic Or Peroxometallic Acids","South America","November 2017","811,123"
"2841 Salts Of Oxometallic Or Peroxometallic Acids","South America","December 2017","1,762,931"
"2841 Salts Of Oxometallic Or Peroxometallic Acids","South America","2018","15,518,068"
"2841 Salts Of Oxometallic Or Peroxometallic Acids","South America","January 2018","581,762"
"2841 Salts Of Oxometallic Or Peroxometallic Acids","South America","February 2018","698,327"
"2841 Salts Of Oxometallic Or Peroxometallic Acids","South America","March 2018","1,261,017"
"2841 Salts Of Oxometallic Or Peroxometallic Acids","South America","April 2018","1,575,869"
"2841 Salts Of Oxometallic Or Peroxometallic Acids","South America","May 2018","1,454,040"
"2841 Salts Of Oxometallic Or Peroxometallic Acids","South America","June 2018","1,506,625"
"2841 Salts Of Oxometallic Or Peroxometallic Acids","South America","July 2018","1,192,178"
"2841 Salts Of Oxometallic Or Peroxometallic Acids","South America","August 2018","533,660"
"2841 Salts Of Oxometallic Or Peroxometallic Acids","South America","September 2018","1,427,357"
"2841 Salts Of Oxometallic Or Peroxometallic Acids","South America","October 2018","1,663,542"
"2841 Salts Of Oxometallic Or Peroxometallic Acids","South America","November 2018","1,838,356"
"2841 Salts Of Oxometallic Or Peroxometallic Acids","South America","December 2018","1,785,335"
"2841 Salts Of Oxometallic Or Peroxometallic Acids","South America","2019","19,533,519"
"2841 Salts Of Oxometallic Or Peroxometallic Acids","South America","January 2019","2,155,509"
"2841 Salts Of Oxometallic Or Peroxometallic Acids","South America","February 2019","691,854"
"2841 Salts Of Oxometallic Or Peroxometallic Acids","South America","March 2019","1,983,508"
"2841 Salts Of Oxometallic Or Peroxometallic Acids","South America","April 2019","2,073,222"
"2841 Salts Of Oxometallic Or Peroxometallic Acids","South America","May 2019","1,458,292"
"2841 Salts Of Oxometallic Or Peroxometallic Acids","South America","June 2019","2,788,110"
"2841 Salts Of Oxometallic Or Peroxometallic Acids","South America","July 2019","500,117"
"2841 Salts Of Oxometallic Or Peroxometallic Acids","South America","August 2019","1,178,245"
"2841 Salts Of Oxometallic Or Peroxometallic Acids","South America","September 2019","2,130,121"
"2841 Salts Of Oxometallic Or Peroxometallic Acids","South America","October 2019","1,987,918"
"2841 Salts Of Oxometallic Or Peroxometallic Acids","South America","November 2019","810,167"
"2841 Salts Of Oxometallic Or Peroxometallic Acids","South America","December 2019","1,776,456"
"2841 Salts Of Oxometallic Or Peroxometallic Acids","South America","2020","3,762,089"
"2841 Salts Of Oxometallic Or Peroxometallic Acids","South America","January 2020","262,001"
"2841 Salts Of Oxometallic Or Peroxometallic Acids","South America","February 2020","982,964"
"2841 Salts Of Oxometallic Or Peroxometallic Acids","South America","March 2020","918,926"
"2841 Salts Of Oxometallic Or Peroxometallic Acids","South America","April 2020","387,273"
"2841 Salts Of Oxometallic Or Peroxometallic Acids","South America","June 2020","270,295"
"2841 Salts Of Oxometallic Or Peroxometallic Acids","South America","July 2020","46,755"
"2841 Salts Of Oxometallic Or Peroxometallic Acids","South America","September 2020","254,925"
"2841 Salts Of Oxometallic Or Peroxometallic Acids","South America","October 2020","3,547"
"2841 Salts Of Oxometallic Or Peroxometallic Acids","South America","November 2020","92,830"
"2841 Salts Of Oxometallic Or Peroxometallic Acids","South America","December 2020","542,573"
"2841 Salts Of Oxometallic Or Peroxometallic Acids","South America","2021","24,299,343"
"2841 Salts Of Oxometallic Or Peroxometallic Acids","South America","January 2021","1,876,537"
"2841 Salts Of Oxometallic Or Peroxometallic Acids","South America","February 2021","1,493,067"
"2841 Salts Of Oxometallic Or Peroxometallic Acids","South America","March 2021","1,695,584"
"2841 Salts Of Oxometallic Or Peroxometallic Acids","South America","April 2021","2,424,648"
"2841 Salts Of Oxometallic Or Peroxometallic Acids","South America","May 2021","998,351"
"2841 Salts Of Oxometallic Or Peroxometallic Acids","South America","June 2021","1,423,217"
"2841 Salts Of Oxometallic Or Peroxometallic Acids","South America","July 2021","1,142,266"
"2841 Salts Of Oxometallic Or Peroxometallic Acids","South America","August 2021","2,566,325"
"2841 Salts Of Oxometallic Or Peroxometallic Acids","South America","September 2021","3,948,063"
"2841 Salts Of Oxometallic Or Peroxometallic Acids","South America","October 2021","722,729"
"2841 Salts Of Oxometallic Or Peroxometallic Acids","South America","November 2021","4,444,310"
"2841 Salts Of Oxometallic Or Peroxometallic Acids","South America","December 2021","1,564,246"
"2841 Salts Of Oxometallic Or Peroxometallic Acids","South America","2022","24,800,065"
"2841 Salts Of Oxometallic Or Peroxometallic Acids","South America","January 2022","3,275,017"
"2841 Salts Of Oxometallic Or Peroxometallic Acids","South America","February 2022","64,050"
"2841 Salts Of Oxometallic Or Peroxometallic Acids","South America","March 2022","3,907,792"
"2841 Salts Of Oxometallic Or Peroxometallic Acids","South America","April 2022","17,353"
"2841 Salts Of Oxometallic Or Peroxometallic Acids","South America","May 2022","2,771,735"
"2841 Salts Of Oxometallic Or Peroxometallic Acids","South America","June 2022","3,243,378"
"2841 Salts Of Oxometallic Or Peroxometallic Acids","South America","July 2022","4,963,407"
"2841 Salts Of Oxometallic Or Peroxometallic Acids","South America","August 2022","40,523"
"2841 Salts Of Oxometallic Or Peroxometallic Acids","South America","September 2022","3,053,541"
"2841 Salts Of Oxometallic Or Peroxometallic Acids","South America","October 2022","2,826,516"
"2841 Salts Of Oxometallic Or Peroxometallic Acids","South America","December 2022","636,753"
"2841 Salts Of Oxometallic Or Peroxometallic Acids","South America","2023","43,588,061"
"2841 Salts Of Oxometallic Or Peroxometallic Acids","South America","January 2023","6,363,719"
"2841 Salts Of Oxometallic Or Peroxometallic Acids","South America","February 2023","5,769,527"
"2841 Salts Of Oxometallic Or Peroxometallic Acids","South America","March 2023","3,140,621"
"2841 Salts Of Oxometallic Or Peroxometallic Acids","South America","April 2023","7,167,628"
"2841 Salts Of Oxometallic Or Peroxometallic Acids","South America","May 2023","3,367,359"
"2841 Salts Of Oxometallic Or Peroxometallic Acids","South America","June 2023","2,777,732"
"2841 Salts Of Oxometallic Or Peroxometallic Acids","South America","July 2023","3,077,037"
"2841 Salts Of Oxometallic Or Peroxometallic Acids","South America","August 2023","1,463,982"
"2841 Salts Of Oxometallic Or Peroxometallic Acids","South America","September 2023","4,914,940"
"2841 Salts Of Oxometallic Or Peroxometallic Acids","South America","October 2023","2,173,282"
"2841 Salts Of Oxometallic Or Peroxometallic Acids","South America","November 2023","2,335,240"
"2841 Salts Of Oxometallic Or Peroxometallic Acids","South America","December 2023","1,036,994"
"2841 Salts Of Oxometallic Or Peroxometallic Acids","South America","2024","32,789,148"
"2841 Salts Of Oxometallic Or Peroxometallic Acids","South America","January 2024","1,057,503"
"2841 Salts Of Oxometallic Or Peroxometallic Acids","South America","February 2024","1,115,565"
"2841 Salts Of Oxometallic Or Peroxometallic Acids","South America","March 2024","3,342,691"
"2841 Salts Of Oxometallic Or Peroxometallic Acids","South America","April 2024","3,538,164"
"2841 Salts Of Oxometallic Or Peroxometallic Acids","South America","May 2024","4,256,888"
"2841 Salts Of Oxometallic Or Peroxometallic Acids","South America","June 2024","3,395,230"
"2841 Salts Of Oxometallic Or Peroxometallic Acids","South America","August 2024","5,421,167"
"2841 Salts Of Oxometallic Or Peroxometallic Acids","South America","September 2024","4,006,323"
"2841 Salts Of Oxometallic Or Peroxometallic Acids","South America","October 2024","6,100,186"
"2841 Salts Of Oxometallic Or Peroxometallic Acids","South America","November 2024","11,006"
"2841 Salts Of Oxometallic Or Peroxometallic Acids","South America","December 2024","544,425"
"2841 Salts Of Oxometallic Or Peroxometallic Acids","South America","2025","19,790,140"
"2841 Salts Of Oxometallic Or Peroxometallic Acids","South America","January 2025","2,060,642"
"2841 Salts Of Oxometallic Or Peroxometallic Acids","South America","February 2025","3,863,180"
"2841 Salts Of Oxometallic Or Peroxometallic Acids","South America","March 2025","504,914"
"2841 Salts Of Oxometallic Or Peroxometallic Acids","South America","April 2025","1,985,765"
"2841 Salts Of Oxometallic Or Peroxometallic Acids","South America","May 2025","3,826,505"
"2841 Salts Of Oxometallic Or Peroxometallic Acids","South America","June 2025","1,101,064"
"2841 Salts Of Oxometallic Or Peroxometallic Acids","South America","July 2025","1,576,594"
"2841 Salts Of Oxometallic Or Peroxometallic Acids","South America","August 2025","15,425"
"2841 Salts Of Oxometallic Or Peroxometallic Acids","South America","September 2025","3,301,369"
"2841 Salts Of Oxometallic Or Peroxometallic Acids","South America","October 2025","614,389"
"2841 Salts Of Oxometallic Or Peroxometallic Acids","South America","December 2025","940,293"
"2841 Salts Of Oxometallic Or Peroxometallic Acids","South America","February 2026","3,041,485"
"2841 Salts Of Oxometallic Or Peroxometallic Acids","South America","January 2026","1,094,950"
"7106 Silver (incl Prec Plated), Unwr, Semimfr Or Powder","South America","2010","296,752,585"
"7106 Silver (incl Prec Plated), Unwr, Semimfr Or Powder","South America","January 2010","9,839,674"
"7106 Silver (incl Prec Plated), Unwr, Semimfr Or Powder","South America","February 2010","22,678,597"
"7106 Silver (incl Prec Plated), Unwr, Semimfr Or Powder","South America","March 2010","11,293,258"
"7106 Silver (incl Prec Plated), Unwr, Semimfr Or Powder","South America","April 2010","25,390,286"
"7106 Silver (incl Prec Plated), Unwr, Semimfr Or Powder","South America","May 2010","10,088,461"
"7106 Silver (incl Prec Plated), Unwr, Semimfr Or Powder","South America","June 2010","16,910,973"
"7106 Silver (incl Prec Plated), Unwr, Semimfr Or Powder","South America","July 2010","22,032,539"
"7106 Silver (incl Prec Plated), Unwr, Semimfr Or Powder","South America","August 2010","22,847,056"
"7106 Silver (incl Prec Plated), Unwr, Semimfr Or Powder","South America","September 2010","39,568,119"
"7106 Silver (incl Prec Plated), Unwr, Semimfr Or Powder","South America","October 2010","25,250,101"
"7106 Silver (incl Prec Plated), Unwr, Semimfr Or Powder","South America","November 2010","51,365,573"
"7106 Silver (incl Prec Plated), Unwr, Semimfr Or Powder","South America","December 2010","39,487,948"
"7106 Silver (incl Prec Plated), Unwr, Semimfr Or Powder","South America","2011","574,460,821"
"7106 Silver (incl Prec Plated), Unwr, Semimfr Or Powder","South America","January 2011","30,455,332"
"7106 Silver (incl Prec Plated), Unwr, Semimfr Or Powder","South America","February 2011","51,755,784"
"7106 Silver (incl Prec Plated), Unwr, Semimfr Or Powder","South America","March 2011","55,281,438"
"7106 Silver (incl Prec Plated), Unwr, Semimfr Or Powder","South America","April 2011","37,661,131"
"7106 Silver (incl Prec Plated), Unwr, Semimfr Or Powder","South America","May 2011","48,978,560"
"7106 Silver (incl Prec Plated), Unwr, Semimfr Or Powder","South America","June 2011","45,785,782"
"7106 Silver (incl Prec Plated), Unwr, Semimfr Or Powder","South America","July 2011","58,280,506"
"7106 Silver (incl Prec Plated), Unwr, Semimfr Or Powder","South America","August 2011","54,818,912"
"7106 Silver (incl Prec Plated), Unwr, Semimfr Or Powder","South America","September 2011","40,518,204"
"7106 Silver (incl Prec Plated), Unwr, Semimfr Or Powder","South America","October 2011","58,142,012"
"7106 Silver (incl Prec Plated), Unwr, Semimfr Or Powder","South America","November 2011","41,856,971"
"7106 Silver (incl Prec Plated), Unwr, Semimfr Or Powder","South America","December 2011","50,926,189"
"7106 Silver (incl Prec Plated), Unwr, Semimfr Or Powder","South America","2012","406,389,566"
"7106 Silver (incl Prec Plated), Unwr, Semimfr Or Powder","South America","January 2012","50,110,058"
"7106 Silver (incl Prec Plated), Unwr, Semimfr Or Powder","South America","February 2012","33,747,124"
"7106 Silver (incl Prec Plated), Unwr, Semimfr Or Powder","South America","March 2012","50,240,172"
"7106 Silver (incl Prec Plated), Unwr, Semimfr Or Powder","South America","April 2012","39,234,185"
"7106 Silver (incl Prec Plated), Unwr, Semimfr Or Powder","South America","May 2012","23,777,589"
"7106 Silver (incl Prec Plated), Unwr, Semimfr Or Powder","South America","June 2012","31,077,993"
"7106 Silver (incl Prec Plated), Unwr, Semimfr Or Powder","South America","July 2012","27,890,262"
"7106 Silver (incl Prec Plated), Unwr, Semimfr Or Powder","South America","August 2012","15,727,759"
"7106 Silver (incl Prec Plated), Unwr, Semimfr Or Powder","South America","September 2012","28,884,081"
"7106 Silver (incl Prec Plated), Unwr, Semimfr Or Powder","South America","October 2012","20,176,771"
"7106 Silver (incl Prec Plated), Unwr, Semimfr Or Powder","South America","November 2012","41,057,899"
"7106 Silver (incl Prec Plated), Unwr, Semimfr Or Powder","South America","December 2012","44,465,673"
"7106 Silver (incl Prec Plated), Unwr, Semimfr Or Powder","South America","2013","600,740,603"
"7106 Silver (incl Prec Plated), Unwr, Semimfr Or Powder","South America","January 2013","43,166,602"
"7106 Silver (incl Prec Plated), Unwr, Semimfr Or Powder","South America","February 2013","55,084,315"
"7106 Silver (incl Prec Plated), Unwr, Semimfr Or Powder","South America","March 2013","52,648,554"
"7106 Silver (incl Prec Plated), Unwr, Semimfr Or Powder","South America","April 2013","23,893,557"
"7106 Silver (incl Prec Plated), Unwr, Semimfr Or Powder","South America","May 2013","50,827,517"
"7106 Silver (incl Prec Plated), Unwr, Semimfr Or Powder","South America","June 2013","50,054,249"
"7106 Silver (incl Prec Plated), Unwr, Semimfr Or Powder","South America","July 2013","76,325,284"
"7106 Silver (incl Prec Plated), Unwr, Semimfr Or Powder","South America","August 2013","37,329,111"
"7106 Silver (incl Prec Plated), Unwr, Semimfr Or Powder","South America","September 2013","73,735,320"
"7106 Silver (incl Prec Plated), Unwr, Semimfr Or Powder","South America","October 2013","57,287,084"
"7106 Silver (incl Prec Plated), Unwr, Semimfr Or Powder","South America","November 2013","33,378,897"
"7106 Silver (incl Prec Plated), Unwr, Semimfr Or Powder","South America","December 2013","47,010,113"
"7106 Silver (incl Prec Plated), Unwr, Semimfr Or Powder","South America","2014","409,620,567"
"7106 Silver (incl Prec Plated), Unwr, Semimfr Or Powder","South America","January 2014","55,838,511"
"7106 Silver (incl Prec Plated), Unwr, Semimfr Or Powder","South America","February 2014","46,698,907"
"7106 Silver (incl Prec Plated), Unwr, Semimfr Or Powder","South America","March 2014","35,528,205"
"7106 Silver (incl Prec Plated), Unwr, Semimfr Or Powder","South America","April 2014","58,909,923"
"7106 Silver (incl Prec Plated), Unwr, Semimfr Or Powder","South America","May 2014","51,217,209"
"7106 Silver (incl Prec Plated), Unwr, Semimfr Or Powder","South America","June 2014","22,732,189"
"7106 Silver (incl Prec Plated), Unwr, Semimfr Or Powder","South America","July 2014","21,236,627"
"7106 Silver (incl Prec Plated), Unwr, Semimfr Or Powder","South America","August 2014","12,697,456"
"7106 Silver (incl Prec Plated), Unwr, Semimfr Or Powder","South America","September 2014","22,848,354"
"7106 Silver (incl Prec Plated), Unwr, Semimfr Or Powder","South America","October 2014","31,224,199"
"7106 Silver (incl Prec Plated), Unwr, Semimfr Or Powder","South America","November 2014","17,188,591"
"7106 Silver (incl Prec Plated), Unwr, Semimfr Or Powder","South America","December 2014","33,500,396"
"7106 Silver (incl Prec Plated), Unwr, Semimfr Or Powder","South America","2015","383,811,319"
"7106 Silver (incl Prec Plated), Unwr, Semimfr Or Powder","South America","January 2015","33,147,364"
"7106 Silver (incl Prec Plated), Unwr, Semimfr Or Powder","South America","February 2015","22,361,360"
"7106 Silver (incl Prec Plated), Unwr, Semimfr Or Powder","South America","March 2015","22,599,249"
"7106 Silver (incl Prec Plated), Unwr, Semimfr Or Powder","South America","April 2015","27,871,991"
"7106 Silver (incl Prec Plated), Unwr, Semimfr Or Powder","South America","May 2015","34,707,217"
"7106 Silver (incl Prec Plated), Unwr, Semimfr Or Powder","South America","June 2015","18,356,009"
"7106 Silver (incl Prec Plated), Unwr, Semimfr Or Powder","South America","July 2015","28,243,056"
"7106 Silver (incl Prec Plated), Unwr, Semimfr Or Powder","South America","August 2015","36,694,191"
"7106 Silver (incl Prec Plated), Unwr, Semimfr Or Powder","South America","September 2015","68,943,011"
"7106 Silver (incl Prec Plated), Unwr, Semimfr Or Powder","South America","October 2015","31,664,636"
"7106 Silver (incl Prec Plated), Unwr, Semimfr Or Powder","South America","November 2015","20,732,137"
"7106 Silver (incl Prec Plated), Unwr, Semimfr Or Powder","South America","December 2015","38,491,098"
"7106 Silver (incl Prec Plated), Unwr, Semimfr Or Powder","South America","2016","568,907,748"
"7106 Silver (incl Prec Plated), Unwr, Semimfr Or Powder","South America","January 2016","16,324,727"
"7106 Silver (incl Prec Plated), Unwr, Semimfr Or Powder","South America","February 2016","34,978,903"
"7106 Silver (incl Prec Plated), Unwr, Semimfr Or Powder","South America","March 2016","14,349,615"
"7106 Silver (incl Prec Plated), Unwr, Semimfr Or Powder","South America","April 2016","45,000,353"
"7106 Silver (incl Prec Plated), Unwr, Semimfr Or Powder","South America","May 2016","65,636,955"
"7106 Silver (incl Prec Plated), Unwr, Semimfr Or Powder","South America","June 2016","63,123,491"
"7106 Silver (incl Prec Plated), Unwr, Semimfr Or Powder","South America","July 2016","82,775,432"
"7106 Silver (incl Prec Plated), Unwr, Semimfr Or Powder","South America","August 2016","35,809,342"
"7106 Silver (incl Prec Plated), Unwr, Semimfr Or Powder","South America","September 2016","49,637,672"
"7106 Silver (incl Prec Plated), Unwr, Semimfr Or Powder","South America","October 2016","48,343,034"
"7106 Silver (incl Prec Plated), Unwr, Semimfr Or Powder","South America","November 2016","49,621,890"
"7106 Silver (incl Prec Plated), Unwr, Semimfr Or Powder","South America","December 2016","63,306,334"
"7106 Silver (incl Prec Plated), Unwr, Semimfr Or Powder","South America","2017","596,476,740"
"7106 Silver (incl Prec Plated), Unwr, Semimfr Or Powder","South America","January 2017","48,259,291"
"7106 Silver (incl Prec Plated), Unwr, Semimfr Or Powder","South America","February 2017","37,868,171"
"7106 Silver (incl Prec Plated), Unwr, Semimfr Or Powder","South America","March 2017","64,527,135"
"7106 Silver (incl Prec Plated), Unwr, Semimfr Or Powder","South America","April 2017","64,759,677"
"7106 Silver (incl Prec Plated), Unwr, Semimfr Or Powder","South America","May 2017","62,678,297"
"7106 Silver (incl Prec Plated), Unwr, Semimfr Or Powder","South America","June 2017","66,232,741"
"7106 Silver (incl Prec Plated), Unwr, Semimfr Or Powder","South America","July 2017","24,698,756"
"7106 Silver (incl Prec Plated), Unwr, Semimfr Or Powder","South America","August 2017","43,533,969"
"7106 Silver (incl Prec Plated), Unwr, Semimfr Or Powder","South America","September 2017","34,165,708"
"7106 Silver (incl Prec Plated), Unwr, Semimfr Or Powder","South America","October 2017","44,706,662"
"7106 Silver (incl Prec Plated), Unwr, Semimfr Or Powder","South America","November 2017","48,786,308"
"7106 Silver (incl Prec Plated), Unwr, Semimfr Or Powder","South America","December 2017","56,260,025"
"7106 Silver (incl Prec Plated), Unwr, Semimfr Or Powder","South America","2018","596,997,272"
"7106 Silver (incl Prec Plated), Unwr, Semimfr Or Powder","South America","January 2018","45,781,136"
"7106 Silver (incl Prec Plated), Unwr, Semimfr Or Powder","South America","February 2018","53,774,640"
"7106 Silver (incl Prec Plated), Unwr, Semimfr Or Powder","South America","March 2018","55,000,267"
"7106 Silver (incl Prec Plated), Unwr, Semimfr Or Powder","South America","April 2018","46,467,613"
"7106 Silver (incl Prec Plated), Unwr, Semimfr Or Powder","South America","May 2018","60,461,889"
"7106 Silver (incl Prec Plated), Unwr, Semimfr Or Powder","South America","June 2018","53,560,215"
"7106 Silver (incl Prec Plated), Unwr, Semimfr Or Powder","South America","July 2018","38,753,329"
"7106 Silver (incl Prec Plated), Unwr, Semimfr Or Powder","South America","August 2018","48,018,810"
"7106 Silver (incl Prec Plated), Unwr, Semimfr Or Powder","South America","September 2018","31,920,329"
"7106 Silver (incl Prec Plated), Unwr, Semimfr Or Powder","South America","October 2018","59,456,039"
"7106 Silver (incl Prec Plated), Unwr, Semimfr Or Powder","South America","November 2018","53,169,148"
"7106 Silver (incl Prec Plated), Unwr, Semimfr Or Powder","South America","December 2018","50,633,857"
"7106 Silver (incl Prec Plated), Unwr, Semimfr Or Powder","South America","2019","404,382,547"
"7106 Silver (incl Prec Plated), Unwr, Semimfr Or Powder","South America","January 2019","37,022,868"
"7106 Silver (incl Prec Plated), Unwr, Semimfr Or Powder","South America","February 2019","36,740,814"
"7106 Silver (incl Prec Plated), Unwr, Semimfr Or Powder","South America","March 2019","39,001,274"
"7106 Silver (incl Prec Plated), Unwr, Semimfr Or Powder","South America","April 2019","30,916,482"
"7106 Silver (incl Prec Plated), Unwr, Semimfr Or Powder","South America","May 2019","33,218,129"
"7106 Silver (incl Prec Plated), Unwr, Semimfr Or Powder","South America","June 2019","32,630,280"
"7106 Silver (incl Prec Plated), Unwr, Semimfr Or Powder","South America","July 2019","25,226,463"
"7106 Silver (incl Prec Plated), Unwr, Semimfr Or Powder","South America","August 2019","30,318,856"
"7106 Silver (incl Prec Plated), Unwr, Semimfr Or Powder","South America","September 2019","32,405,029"
"7106 Silver (incl Prec Plated), Unwr, Semimfr Or Powder","South America","October 2019","31,588,674"
"7106 Silver (incl Prec Plated), Unwr, Semimfr Or Powder","South America","November 2019","29,395,283"
"7106 Silver (incl Prec Plated), Unwr, Semimfr Or Powder","South America","December 2019","45,918,395"
"7106 Silver (incl Prec Plated), Unwr, Semimfr Or Powder","South America","2020","356,117,556"
"7106 Silver (incl Prec Plated), Unwr, Semimfr Or Powder","South America","January 2020","30,352,558"
"7106 Silver (incl Prec Plated), Unwr, Semimfr Or Powder","South America","February 2020","37,160,320"
"7106 Silver (incl Prec Plated), Unwr, Semimfr Or Powder","South America","March 2020","14,989,368"
"7106 Silver (incl Prec Plated), Unwr, Semimfr Or Powder","South America","April 2020","31,451,188"
"7106 Silver (incl Prec Plated), Unwr, Semimfr Or Powder","South America","May 2020","13,980,983"
"7106 Silver (incl Prec Plated), Unwr, Semimfr Or Powder","South America","June 2020","37,931,102"
"7106 Silver (incl Prec Plated), Unwr, Semimfr Or Powder","South America","July 2020","29,246,322"
"7106 Silver (incl Prec Plated), Unwr, Semimfr Or Powder","South America","August 2020","8,986,799"
"7106 Silver (incl Prec Plated), Unwr, Semimfr Or Powder","South America","September 2020","23,892,912"
"7106 Silver (incl Prec Plated), Unwr, Semimfr Or Powder","South America","October 2020","35,879,236"
"7106 Silver (incl Prec Plated), Unwr, Semimfr Or Powder","South America","November 2020","21,388,341"
"7106 Silver (incl Prec Plated), Unwr, Semimfr Or Powder","South America","December 2020","70,858,427"
"7106 Silver (incl Prec Plated), Unwr, Semimfr Or Powder","South America","2021","295,560,760"
"7106 Silver (incl Prec Plated), Unwr, Semimfr Or Powder","South America","January 2021","34,182,075"
"7106 Silver (incl Prec Plated), Unwr, Semimfr Or Powder","South America","February 2021","21,191,304"
"7106 Silver (incl Prec Plated), Unwr, Semimfr Or Powder","South America","March 2021","30,688,102"
"7106 Silver (incl Prec Plated), Unwr, Semimfr Or Powder","South America","April 2021","16,632,126"
"7106 Silver (incl Prec Plated), Unwr, Semimfr Or Powder","South America","May 2021","25,221,781"
"7106 Silver (incl Prec Plated), Unwr, Semimfr Or Powder","South America","June 2021","17,907,897"
"7106 Silver (incl Prec Plated), Unwr, Semimfr Or Powder","South America","July 2021","19,019,547"
"7106 Silver (incl Prec Plated), Unwr, Semimfr Or Powder","South America","August 2021","24,897,586"
"7106 Silver (incl Prec Plated), Unwr, Semimfr Or Powder","South America","September 2021","31,069,396"
"7106 Silver (incl Prec Plated), Unwr, Semimfr Or Powder","South America","October 2021","26,329,729"
"7106 Silver (incl Prec Plated), Unwr, Semimfr Or Powder","South America","November 2021","25,771,007"
"7106 Silver (incl Prec Plated), Unwr, Semimfr Or Powder","South America","December 2021","22,650,210"
"7106 Silver (incl Prec Plated), Unwr, Semimfr Or Powder","South America","2022","270,771,527"
"7106 Silver (incl Prec Plated), Unwr, Semimfr Or Powder","South America","January 2022","20,636,816"
"7106 Silver (incl Prec Plated), Unwr, Semimfr Or Powder","South America","February 2022","23,117,994"
"7106 Silver (incl Prec Plated), Unwr, Semimfr Or Powder","South America","March 2022","25,691,955"
"7106 Silver (incl Prec Plated), Unwr, Semimfr Or Powder","South America","April 2022","29,354,353"
"7106 Silver (incl Prec Plated), Unwr, Semimfr Or Powder","South America","May 2022","20,100,453"
"7106 Silver (incl Prec Plated), Unwr, Semimfr Or Powder","South America","June 2022","21,154,911"
"7106 Silver (incl Prec Plated), Unwr, Semimfr Or Powder","South America","July 2022","22,683,833"
"7106 Silver (incl Prec Plated), Unwr, Semimfr Or Powder","South America","August 2022","22,975,987"
"7106 Silver (incl Prec Plated), Unwr, Semimfr Or Powder","South America","September 2022","12,949,420"
"7106 Silver (incl Prec Plated), Unwr, Semimfr Or Powder","South America","October 2022","23,918,887"
"7106 Silver (incl Prec Plated), Unwr, Semimfr Or Powder","South America","November 2022","13,015,102"
"7106 Silver (incl Prec Plated), Unwr, Semimfr Or Powder","South America","December 2022","35,171,816"
"7106 Silver (incl Prec Plated), Unwr, Semimfr Or Powder","South America","2023","278,599,279"
"7106 Silver (incl Prec Plated), Unwr, Semimfr Or Powder","South America","January 2023","25,509,966"
"7106 Silver (incl Prec Plated), Unwr, Semimfr Or Powder","South America","February 2023","24,315,176"
"7106 Silver (incl Prec Plated), Unwr, Semimfr Or Powder","South America","March 2023","14,239,446"
"7106 Silver (incl Prec Plated), Unwr, Semimfr Or Powder","South America","April 2023","14,022,995"
"7106 Silver (incl Prec Plated), Unwr, Semimfr Or Powder","South America","May 2023","41,374,815"
"7106 Silver (incl Prec Plated), Unwr, Semimfr Or Powder","South America","June 2023","11,988,384"
"7106 Silver (incl Prec Plated), Unwr, Semimfr Or Powder","South America","July 2023","14,262,416"
"7106 Silver (incl Prec Plated), Unwr, Semimfr Or Powder","South America","August 2023","14,809,542"
"7106 Silver (incl Prec Plated), Unwr, Semimfr Or Powder","South America","September 2023","32,228,970"
"7106 Silver (incl Prec Plated), Unwr, Semimfr Or Powder","South America","October 2023","28,597,203"
"7106 Silver (incl Prec Plated), Unwr, Semimfr Or Powder","South America","November 2023","22,650,121"
"7106 Silver (incl Prec Plated), Unwr, Semimfr Or Powder","South America","December 2023","34,600,245"
"7106 Silver (incl Prec Plated), Unwr, Semimfr Or Powder","South America","2024","361,989,064"
"7106 Silver (incl Prec Plated), Unwr, Semimfr Or Powder","South America","January 2024","27,269,331"
"7106 Silver (incl Prec Plated), Unwr, Semimfr Or Powder","South America","February 2024","22,143,054"
"7106 Silver (incl Prec Plated), Unwr, Semimfr Or Powder","South America","March 2024","20,732,664"
"7106 Silver (incl Prec Plated), Unwr, Semimfr Or Powder","South America","April 2024","28,169,171"
"7106 Silver (incl Prec Plated), Unwr, Semimfr Or Powder","South America","May 2024","26,197,481"
"7106 Silver (incl Prec Plated), Unwr, Semimfr Or Powder","South America","June 2024","26,008,029"
"7106 Silver (incl Prec Plated), Unwr, Semimfr Or Powder","South America","July 2024","41,480,466"
"7106 Silver (incl Prec Plated), Unwr, Semimfr Or Powder","South America","August 2024","27,039,176"
"7106 Silver (incl Prec Plated), Unwr, Semimfr Or Powder","South America","September 2024","22,605,735"
"7106 Silver (incl Prec Plated), Unwr, Semimfr Or Powder","South America","October 2024","39,102,174"
"7106 Silver (incl Prec Plated), Unwr, Semimfr Or Powder","South America","November 2024","36,851,948"
"7106 Silver (incl Prec Plated), Unwr, Semimfr Or Powder","South America","December 2024","44,389,835"
"7106 Silver (incl Prec Plated), Unwr, Semimfr Or Powder","South America","2025","338,518,052"
"7106 Silver (incl Prec Plated), Unwr, Semimfr Or Powder","South America","January 2025","36,524,749"
"7106 Silver (incl Prec Plated), Unwr, Semimfr Or Powder","South America","February 2025","17,612,873"
"7106 Silver (incl Prec Plated), Unwr, Semimfr Or Powder","South America","March 2025","20,740,114"
"7106 Silver (incl Prec Plated), Unwr, Semimfr Or Powder","South America","April 2025","25,030,956"
"7106 Silver (incl Prec Plated), Unwr, Semimfr Or Powder","South America","May 2025","29,959,195"
"7106 Silver (incl Prec Plated), Unwr, Semimfr Or Powder","South America","June 2025","24,672,201"
"7106 Silver (incl Prec Plated), Unwr, Semimfr Or Powder","South America","July 2025","28,946,696"
"7106 Silver (incl Prec Plated), Unwr, Semimfr Or Powder","South America","August 2025","30,316,659"
"7106 Silver (incl Prec Plated), Unwr, Semimfr Or Powder","South America","September 2025","25,429,787"
"7106 Silver (incl Prec Plated), Unwr, Semimfr Or Powder","South America","October 2025","34,586,126"
"7106 Silver (incl Prec Plated), Unwr, Semimfr Or Powder","South America","November 2025","30,250,937"
"7106 Silver (incl Prec Plated), Unwr, Semimfr Or Powder","South America","December 2025","34,447,759"
"7106 Silver (incl Prec Plated), Unwr, Semimfr Or Powder","South America","February 2026","47,175,471"
"7106 Silver (incl Prec Plated), Unwr, Semimfr Or Powder","South America","January 2026","45,560,180"
"8105 Cobalt Mattes Etc, Cobalt & Art, Inc Waste & Scrap","South America","2010","6,519,270"
"8105 Cobalt Mattes Etc, Cobalt & Art, Inc Waste & Scrap","South America","March 2010","636,070"
"8105 Cobalt Mattes Etc, Cobalt & Art, Inc Waste & Scrap","South America","April 2010","513,144"
"8105 Cobalt Mattes Etc, Cobalt & Art, Inc Waste & Scrap","South America","May 2010","1,818,132"
"8105 Cobalt Mattes Etc, Cobalt & Art, Inc Waste & Scrap","South America","June 2010","856,009"
"8105 Cobalt Mattes Etc, Cobalt & Art, Inc Waste & Scrap","South America","July 2010","614,504"
"8105 Cobalt Mattes Etc, Cobalt & Art, Inc Waste & Scrap","South America","September 2010","1,010,398"
"8105 Cobalt Mattes Etc, Cobalt & Art, Inc Waste & Scrap","South America","October 2010","212,342"
"8105 Cobalt Mattes Etc, Cobalt & Art, Inc Waste & Scrap","South America","December 2010","858,671"
"8105 Cobalt Mattes Etc, Cobalt & Art, Inc Waste & Scrap","South America","2011","13,577,180"
"8105 Cobalt Mattes Etc, Cobalt & Art, Inc Waste & Scrap","South America","February 2011","1,485,911"
"8105 Cobalt Mattes Etc, Cobalt & Art, Inc Waste & Scrap","South America","March 2011","386,911"
"8105 Cobalt Mattes Etc, Cobalt & Art, Inc Waste & Scrap","South America","April 2011","766,261"
"8105 Cobalt Mattes Etc, Cobalt & Art, Inc Waste & Scrap","South America","May 2011","1,883,449"
"8105 Cobalt Mattes Etc, Cobalt & Art, Inc Waste & Scrap","South America","June 2011","962,519"
"8105 Cobalt Mattes Etc, Cobalt & Art, Inc Waste & Scrap","South America","July 2011","159,418"
"8105 Cobalt Mattes Etc, Cobalt & Art, Inc Waste & Scrap","South America","August 2011","908,687"
"8105 Cobalt Mattes Etc, Cobalt & Art, Inc Waste & Scrap","South America","September 2011","326,693"
"8105 Cobalt Mattes Etc, Cobalt & Art, Inc Waste & Scrap","South America","October 2011","2,039,057"
"8105 Cobalt Mattes Etc, Cobalt & Art, Inc Waste & Scrap","South America","November 2011","2,269,300"
"8105 Cobalt Mattes Etc, Cobalt & Art, Inc Waste & Scrap","South America","December 2011","2,388,974"
"8105 Cobalt Mattes Etc, Cobalt & Art, Inc Waste & Scrap","South America","2012","14,641,239"
"8105 Cobalt Mattes Etc, Cobalt & Art, Inc Waste & Scrap","South America","January 2012","1,069,577"
"8105 Cobalt Mattes Etc, Cobalt & Art, Inc Waste & Scrap","South America","February 2012","2,554,431"
"8105 Cobalt Mattes Etc, Cobalt & Art, Inc Waste & Scrap","South America","March 2012","1,104,707"
"8105 Cobalt Mattes Etc, Cobalt & Art, Inc Waste & Scrap","South America","April 2012","1,636,546"
"8105 Cobalt Mattes Etc, Cobalt & Art, Inc Waste & Scrap","South America","May 2012","1,161,419"
"8105 Cobalt Mattes Etc, Cobalt & Art, Inc Waste & Scrap","South America","June 2012","606,260"
"8105 Cobalt Mattes Etc, Cobalt & Art, Inc Waste & Scrap","South America","July 2012","2,026,880"
"8105 Cobalt Mattes Etc, Cobalt & Art, Inc Waste & Scrap","South America","August 2012","1,605,989"
"8105 Cobalt Mattes Etc, Cobalt & Art, Inc Waste & Scrap","South America","September 2012","1,089,886"
"8105 Cobalt Mattes Etc, Cobalt & Art, Inc Waste & Scrap","South America","October 2012","1,089,544"
"8105 Cobalt Mattes Etc, Cobalt & Art, Inc Waste & Scrap","South America","November 2012","696,000"
"8105 Cobalt Mattes Etc, Cobalt & Art, Inc Waste & Scrap","South America","2013","7,994,762"
"8105 Cobalt Mattes Etc, Cobalt & Art, Inc Waste & Scrap","South America","January 2013","1,555,070"
"8105 Cobalt Mattes Etc, Cobalt & Art, Inc Waste & Scrap","South America","February 2013","1,317,648"
"8105 Cobalt Mattes Etc, Cobalt & Art, Inc Waste & Scrap","South America","March 2013","591,593"
"8105 Cobalt Mattes Etc, Cobalt & Art, Inc Waste & Scrap","South America","April 2013","1,824,181"
"8105 Cobalt Mattes Etc, Cobalt & Art, Inc Waste & Scrap","South America","May 2013","1,077,613"
"8105 Cobalt Mattes Etc, Cobalt & Art, Inc Waste & Scrap","South America","September 2013","8,580"
"8105 Cobalt Mattes Etc, Cobalt & Art, Inc Waste & Scrap","South America","October 2013","527,238"
"8105 Cobalt Mattes Etc, Cobalt & Art, Inc Waste & Scrap","South America","December 2013","1,092,839"
"8105 Cobalt Mattes Etc, Cobalt & Art, Inc Waste & Scrap","South America","2014","2,341,646"
"8105 Cobalt Mattes Etc, Cobalt & Art, Inc Waste & Scrap","South America","April 2014","568,473"
"8105 Cobalt Mattes Etc, Cobalt & Art, Inc Waste & Scrap","South America","June 2014","591,365"
"8105 Cobalt Mattes Etc, Cobalt & Art, Inc Waste & Scrap","South America","August 2014","589,118"
"8105 Cobalt Mattes Etc, Cobalt & Art, Inc Waste & Scrap","South America","September 2014","592,690"
"8105 Cobalt Mattes Etc, Cobalt & Art, Inc Waste & Scrap","South America","2015","5,782,350"
"8105 Cobalt Mattes Etc, Cobalt & Art, Inc Waste & Scrap","South America","January 2015","2,397,127"
"8105 Cobalt Mattes Etc, Cobalt & Art, Inc Waste & Scrap","South America","April 2015","1,347,023"
"8105 Cobalt Mattes Etc, Cobalt & Art, Inc Waste & Scrap","South America","August 2015","547,099"
"8105 Cobalt Mattes Etc, Cobalt & Art, Inc Waste & Scrap","South America","October 2015","881,760"
"8105 Cobalt Mattes Etc, Cobalt & Art, Inc Waste & Scrap","South America","November 2015","609,341"
"8105 Cobalt Mattes Etc, Cobalt & Art, Inc Waste & Scrap","South America","2016","423,746"
"8105 Cobalt Mattes Etc, Cobalt & Art, Inc Waste & Scrap","South America","July 2016","278,082"
"8105 Cobalt Mattes Etc, Cobalt & Art, Inc Waste & Scrap","South America","September 2016","108,324"
"8105 Cobalt Mattes Etc, Cobalt & Art, Inc Waste & Scrap","South America","October 2016","2,371"
"8105 Cobalt Mattes Etc, Cobalt & Art, Inc Waste & Scrap","South America","December 2016","34,969"
"8105 Cobalt Mattes Etc, Cobalt & Art, Inc Waste & Scrap","South America","2017","1,844,585"
"8105 Cobalt Mattes Etc, Cobalt & Art, Inc Waste & Scrap","South America","March 2017","8,253"
"8105 Cobalt Mattes Etc, Cobalt & Art, Inc Waste & Scrap","South America","May 2017","1,121,257"
"8105 Cobalt Mattes Etc, Cobalt & Art, Inc Waste & Scrap","South America","November 2017","715,075"
"8105 Cobalt Mattes Etc, Cobalt & Art, Inc Waste & Scrap","South America","2018","251,798"
"8105 Cobalt Mattes Etc, Cobalt & Art, Inc Waste & Scrap","South America","January 2018","248,178"
"8105 Cobalt Mattes Etc, Cobalt & Art, Inc Waste & Scrap","South America","March 2018","3,620"
"8105 Cobalt Mattes Etc, Cobalt & Art, Inc Waste & Scrap","South America","2019","735,644"
"8105 Cobalt Mattes Etc, Cobalt & Art, Inc Waste & Scrap","South America","October 2019","25,811"
"8105 Cobalt Mattes Etc, Cobalt & Art, Inc Waste & Scrap","South America","November 2019","709,833"
"8105 Cobalt Mattes Etc, Cobalt & Art, Inc Waste & Scrap","South America","2020","11,275"
"8105 Cobalt Mattes Etc, Cobalt & Art, Inc Waste & Scrap","South America","January 2020","6,446"
"8105 Cobalt Mattes Etc, Cobalt & Art, Inc Waste & Scrap","South America","December 2020","4,829"
"8105 Cobalt Mattes Etc, Cobalt & Art, Inc Waste & Scrap","South America","2021","20,052"
"8105 Cobalt Mattes Etc, Cobalt & Art, Inc Waste & Scrap","South America","January 2021","6,656"
"8105 Cobalt Mattes Etc, Cobalt & Art, Inc Waste & Scrap","South America","July 2021","13,396"
"8105 Cobalt Mattes Etc, Cobalt & Art, Inc Waste & Scrap","South America","2023","15,127"
"8105 Cobalt Mattes Etc, Cobalt & Art, Inc Waste & Scrap","South America","August 2023","15,127"
"8105 Cobalt Mattes Etc, Cobalt & Art, Inc Waste & Scrap","South America","2024","71,279"
"8105 Cobalt Mattes Etc, Cobalt & Art, Inc Waste & Scrap","South America","January 2024","23,665"
"8105 Cobalt Mattes Etc, Cobalt & Art, Inc Waste & Scrap","South America","March 2024","18,874"
"8105 Cobalt Mattes Etc, Cobalt & Art, Inc Waste & Scrap","South America","May 2024","2,897"
"8105 Cobalt Mattes Etc, Cobalt & Art, Inc Waste & Scrap","South America","June 2024","3,517"
"8105 Cobalt Mattes Etc, Cobalt & Art, Inc Waste & Scrap","South America","August 2024","11,991"
"8105 Cobalt Mattes Etc, Cobalt & Art, Inc Waste & Scrap","South America","September 2024","2,459"
"8105 Cobalt Mattes Etc, Cobalt & Art, Inc Waste & Scrap","South America","October 2024","7,876"
"8105 Cobalt Mattes Etc, Cobalt & Art, Inc Waste & Scrap","South America","2025","49,699"
"8105 Cobalt Mattes Etc, Cobalt & Art, Inc Waste & Scrap","South America","February 2025","15,361"
"8105 Cobalt Mattes Etc, Cobalt & Art, Inc Waste & Scrap","South America","March 2025","7,254"
"8105 Cobalt Mattes Etc, Cobalt & Art, Inc Waste & Scrap","South America","June 2025","22,971"
"8105 Cobalt Mattes Etc, Cobalt & Art, Inc Waste & Scrap","South America","September 2025","4,113"
"8105 Cobalt Mattes Etc, Cobalt & Art, Inc Waste & Scrap","South America","January 2026","6,837"
